id_cliente,credit_aprobado,línea_credito_potencial,delegacion,estado_civil,saldo_promedio,tipo_cuenta,total_depositos
128,1.0,0.0,Benito Juarez,soltero/a,496120.91,Ahorro,2
369,0.0,341512.1585,Benito Juarez,soltero/a,338130.85,Ahorro,2
393,1.0,196368.348,Azcapotzalco,casado/a,163640.29,Ahorro,3
508,0.0,452707.1086,Coyoacan,viudo/a,448224.86,Ahorro,2
518,1.0,1031268.36,Azcapotzalco,viudo/a,859390.3,Ahorro,2
574,1.0,635724.384,Tlalpan,viudo/a,529770.32,Ahorro,2
729,1.0,623506.152,Azcapotzalco,viudo/a,519588.46,Ahorro,2
777,1.0,186228.78,Benito Juarez,soltero/a,155190.65,Ahorro,2
837,0.0,845740.2054000001,Coyoacan,viudo/a,837366.54,Ahorro,2
857,0.0,461924.5908,Venustiano Carranza,casado/a,457351.08,Ahorro,2
956,0.0,339020.1754,Iztapalapa,soltero/a,335663.54,Ahorro,2
1002,0.0,446650.9365,Venustiano Carranza,casado/a,442228.65,Ahorro,2
1153,1.0,214417.512,Milpa Alta,soltero/a,178681.26,Ahorro,2
1388,0.0,995873.9582,Iztapalapa,viudo/a,986013.82,Ahorro,2
1542,1.0,0.0,Coyoacan,soltero/a,905918.46,Ahorro,2
1545,0.0,989118.2298,Tlahuac,soltero/a,979324.98,Ahorro,2
1664,1.0,241247.208,Magdalena Contreras,viudo/a,201039.34,Ahorro,2
1727,0.0,612422.4183,Gustavo A. Madero,viudo/a,606358.83,Ahorro,2
2045,0.0,790967.5619999999,Venustiano Carranza,viudo/a,783136.2,Ahorro,2
2047,0.0,336298.3668,Iztapalapa,soltero/a,332968.68,Ahorro,2
2226,0.0,940413.222,Coyoacan,casado/a,931102.2,Ahorro,2
2239,1.0,296119.152,Cuauhtemoc,viudo/a,246765.96,Ahorro,3
2278,1.0,429289.944,Tlalpan,soltero/a,357741.62,Ahorro,2
2370,1.0,117539.7,Xochimilco,viudo/a,97949.75,Ahorro,2
2379,0.0,443668.9014,Milpa Alta,soltero/a,439276.14,Ahorro,2
2575,1.0,708257.7839999999,Milpa Alta,casado/a,590214.82,Ahorro,2
2816,1.0,579328.536,Alvaro Obregon,viudo/a,482773.78,Ahorro,2
3035,1.0,0.0,Iztapalapa,soltero/a,982485.92,Ahorro,2
3196,1.0,463266.492,Gustavo A. Madero,soltero/a,386055.41,Ahorro,2
3345,1.0,498414.576,Coyoacan,soltero/a,415345.48,Ahorro,2
3747,1.0,344358.06,Cuajimalpa,casado/a,286965.05,Ahorro,2
3958,0.0,360570.6262,Xochimilco,viudo/a,357000.62,Ahorro,2
4077,1.0,306762.096,Venustiano Carranza,soltero/a,255635.08,Ahorro,2
4382,0.0,581356.0303,Miguel Hidalgo,casado/a,575600.03,Ahorro,2
4546,1.0,414161.112,Azcapotzalco,soltero/a,345134.26,Ahorro,3
4582,0.0,309729.327,Azcapotzalco,soltero/a,306662.7,Ahorro,2
4603,1.0,461582.196,Alvaro Obregon,casado/a,384651.83,Ahorro,2
4628,1.0,0.0,Cuauhtemoc,casado/a,811061.71,Ahorro,2
4676,1.0,1183776.288,Cuajimalpa,casado/a,986480.24,Ahorro,3
4895,0.0,549878.1986,Miguel Hidalgo,soltero/a,544433.86,Ahorro,2
4970,0.0,508159.7446,Magdalena Contreras,soltero/a,503128.46,Ahorro,2
5186,0.0,460708.6518,Coyoacan,casado/a,456147.18,Ahorro,2
5425,0.0,395842.6138,Iztapalapa,viudo/a,391923.38,Ahorro,2
5612,1.0,985472.304,Tlahuac,viudo/a,821226.92,Ahorro,2
5654,1.0,571514.664,Iztapalapa,soltero/a,476262.22,Ahorro,2
5719,1.0,1106618.064,Azcapotzalco,viudo/a,922181.72,Ahorro,2
5757,1.0,490287.516,Milpa Alta,soltero/a,408572.93,Ahorro,2
5983,1.0,917227.008,Alvaro Obregon,viudo/a,764355.84,Ahorro,2
6519,1.0,607901.88,Iztapalapa,soltero/a,506584.9,Ahorro,2
6551,0.0,759194.3457,Xochimilco,soltero/a,751677.57,Ahorro,2
6618,0.0,30670.3872,Milpa Alta,casado/a,30366.72,Ahorro,2
6725,1.0,998724.948,Benito Juarez,soltero/a,832270.79,Ahorro,2
6841,0.0,315912.0117,Cuauhtemoc,viudo/a,312784.17,Ahorro,2
7080,1.0,848907.132,Xochimilco,viudo/a,707422.61,Ahorro,2
7509,0.0,471027.4279,Milpa Alta,viudo/a,466363.79,Ahorro,2
7775,0.0,713594.29,Magdalena Contreras,viudo/a,706529.0,Ahorro,2
8308,1.0,966489.588,Benito Juarez,viudo/a,805407.99,Ahorro,2
8521,0.0,282278.7592,Magdalena Contreras,soltero/a,279483.92,Ahorro,2
8548,1.0,749788.104,Alvaro Obregon,casado/a,624823.42,Ahorro,2
8753,0.0,849881.3468,Gustavo A. Madero,viudo/a,841466.68,Ahorro,2
8838,1.0,170823.672,Benito Juarez,viudo/a,142353.06,Ahorro,2
9036,0.0,498842.6158,Tlalpan,viudo/a,493903.58,Ahorro,2
9142,0.0,0.0,Venustiano Carranza,soltero/a,523811.97,Ahorro,2
9271,1.0,617522.244,Alvaro Obregon,soltero/a,514601.87,Ahorro,2
9403,1.0,974033.844,Alvaro Obregon,casado/a,811694.87,Ahorro,2
9648,0.0,521436.4471000001,Magdalena Contreras,casado/a,516273.71,Ahorro,2
9703,1.0,205547.628,Milpa Alta,soltero/a,171289.69,Ahorro,2
9829,1.0,302400.156,Benito Juarez,casado/a,252000.13,Ahorro,2
9919,0.0,249291.1593,Coyoacan,casado/a,246822.93,Ahorro,2
10002,0.0,599910.1646,Coyoacan,soltero/a,593970.46,Ahorro,2
10066,1.0,1076596.416,Gustavo A. Madero,viudo/a,897163.68,Ahorro,2
10093,0.0,0.0,Iztacalco,casado/a,72368.23,Ahorro,2
10125,1.0,835252.0199999999,Miguel Hidalgo,soltero/a,696043.35,Ahorro,2
10479,0.0,0.0,Xochimilco,soltero/a,209896.17,Ahorro,2
10518,0.0,899677.3465,Milpa Alta,casado/a,890769.65,Ahorro,2
10859,0.0,785505.9466,Venustiano Carranza,soltero/a,777728.66,Ahorro,2
10919,0.0,919077.9214,Tlalpan,casado/a,909978.14,Ahorro,2
10975,0.0,556852.4606999999,Azcapotzalco,viudo/a,551339.07,Ahorro,2
10983,0.0,740352.4826,Tlalpan,soltero/a,733022.26,Ahorro,2
10986,0.0,705389.5146,Benito Juarez,viudo/a,698405.46,Ahorro,2
11242,1.0,190268.088,Tlalpan,soltero/a,158556.74,Ahorro,2
11406,0.0,98141.7606,Venustiano Carranza,soltero/a,97170.06,Ahorro,2
11563,0.0,633715.1373,Cuauhtemoc,viudo/a,627440.73,Ahorro,2
11736,0.0,1004390.6721,Cuajimalpa,viudo/a,994446.21,Ahorro,2
11764,0.0,560758.5347,Alvaro Obregon,viudo/a,555206.47,Ahorro,2
11906,0.0,203279.0943,Coyoacan,casado/a,201266.43,Ahorro,2
12012,0.0,602826.9133,Iztacalco,soltero/a,596858.33,Ahorro,2
12197,1.0,559934.868,Miguel Hidalgo,viudo/a,466612.39,Ahorro,2
12210,0.0,200837.591,Tlahuac,viudo/a,198849.1,Ahorro,2
12353,1.0,0.0,Gustavo A. Madero,soltero/a,256501.8,Ahorro,2
12547,1.0,479953.044,Iztapalapa,casado/a,399960.87,Ahorro,2
12567,1.0,964025.676,Tlalpan,casado/a,803354.73,Ahorro,2
12675,1.0,568439.448,Milpa Alta,soltero/a,473699.54,Ahorro,2
12719,1.0,303588.792,Cuajimalpa,viudo/a,252990.66,Ahorro,2
12823,0.0,38648.4479,Miguel Hidalgo,viudo/a,38265.79,Ahorro,2
12928,1.0,184271.604,Iztapalapa,soltero/a,153559.67,Ahorro,2
12931,0.0,585987.0621,Tlalpan,soltero/a,580185.21,Ahorro,2
12966,1.0,73092.492,Benito Juarez,soltero/a,60910.41,Ahorro,2
13062,1.0,638459.9759999999,Milpa Alta,casado/a,532049.98,Ahorro,2
13389,0.0,965647.4256,Xochimilco,casado/a,956086.56,Ahorro,2
13421,0.0,677089.1732,Tlahuac,viudo/a,670385.32,Ahorro,2
13561,1.0,762808.4639999999,Coyoacan,soltero/a,635673.72,Ahorro,2
13695,1.0,215305.692,Cuajimalpa,viudo/a,179421.41,Ahorro,2
13740,1.0,124538.58,Alvaro Obregon,viudo/a,103782.15,Ahorro,2
13797,0.0,79623.148,Tlalpan,soltero/a,78834.8,Ahorro,2
13801,1.0,0.0,Iztapalapa,soltero/a,701724.84,Ahorro,2
13831,0.0,588473.2074,Cuauhtemoc,viudo/a,582646.74,Ahorro,2
14257,1.0,372847.68,Iztacalco,viudo/a,310706.4,Ahorro,2
14274,1.0,0.0,Venustiano Carranza,casado/a,92194.03,Ahorro,2
14526,0.0,374447.8343,Benito Juarez,casado/a,370740.43,Ahorro,2
14606,0.0,61377.8919,Miguel Hidalgo,viudo/a,60770.19,Ahorro,2
14754,1.0,221404.32,Cuajimalpa,casado/a,184503.6,Ahorro,2
14860,1.0,1116754.956,Miguel Hidalgo,casado/a,930629.13,Ahorro,2
14929,0.0,877868.2852,Venustiano Carranza,casado/a,869176.52,Ahorro,2
14941,0.0,766052.6598,Iztacalco,casado/a,758467.98,Ahorro,2
14973,0.0,640788.8339,Benito Juarez,viudo/a,634444.39,Ahorro,2
15018,1.0,302453.052,Tlalpan,soltero/a,252044.21,Ahorro,3
15472,1.0,274528.932,Tlalpan,casado/a,228774.11,Ahorro,2
15580,1.0,369315.624,Benito Juarez,viudo/a,307763.02,Ahorro,2
15783,1.0,383092.38,Alvaro Obregon,casado/a,319243.65,Ahorro,2
15885,1.0,367662.228,Cuajimalpa,casado/a,306385.19,Ahorro,2
16094,0.0,0.0,Miguel Hidalgo,viudo/a,714403.05,Ahorro,2
16112,0.0,309180.8061,Tlalpan,soltero/a,306119.61,Ahorro,2
16136,1.0,269809.404,Iztapalapa,casado/a,224841.17,Ahorro,2
16265,0.0,682155.8584,Cuajimalpa,casado/a,675401.84,Ahorro,3
16570,1.0,92842.476,Venustiano Carranza,viudo/a,77368.73,Ahorro,3
16760,1.0,352392.996,Iztacalco,soltero/a,293660.83,Ahorro,2
16783,0.0,966108.4199,Iztapalapa,soltero/a,956542.99,Ahorro,2
16798,1.0,426546.564,Venustiano Carranza,soltero/a,355455.47,Ahorro,2
16814,0.0,262195.5455,Coyoacan,viudo/a,259599.55,Ahorro,2
16928,0.0,395623.9387,Gustavo A. Madero,viudo/a,391706.87,Ahorro,2
17081,0.0,752144.9295,Magdalena Contreras,casado/a,744697.95,Ahorro,2
17098,1.0,985289.904,Milpa Alta,viudo/a,821074.92,Ahorro,2
17135,0.0,874081.6235,Cuauhtemoc,soltero/a,865427.35,Ahorro,2
17323,1.0,1010883.42,Magdalena Contreras,casado/a,842402.85,Ahorro,3
17468,0.0,292452.0549,Cuajimalpa,casado/a,289556.49,Ahorro,2
17562,0.0,694864.3045999999,Cuauhtemoc,soltero/a,687984.46,Ahorro,2
17596,0.0,899340.3499,Venustiano Carranza,soltero/a,890435.99,Ahorro,2
17879,1.0,630987.792,Venustiano Carranza,soltero/a,525823.16,Ahorro,3
17934,1.0,1168088.22,Benito Juarez,viudo/a,973406.85,Ahorro,2
17961,1.0,745133.7,Gustavo A. Madero,soltero/a,620944.75,Ahorro,2
18009,1.0,984334.164,Tlahuac,viudo/a,820278.47,Ahorro,2
18080,1.0,1090808.136,Tlahuac,casado/a,909006.78,Ahorro,2
18395,0.0,134025.6365,Benito Juarez,viudo/a,132698.65,Ahorro,2
18476,1.0,613428.396,Benito Juarez,casado/a,511190.33,Ahorro,2
18571,0.0,650086.4697,Iztapalapa,casado/a,643649.97,Ahorro,2
18698,1.0,909260.232,Venustiano Carranza,viudo/a,757716.86,Ahorro,2
18801,0.0,8477.233,Benito Juarez,soltero/a,8393.3,Ahorro,2
19186,0.0,317659.4632,Tlalpan,viudo/a,314514.32,Ahorro,2
19335,0.0,537719.0610999999,Coyoacan,soltero/a,532395.11,Ahorro,2
19353,0.0,202458.4592,Miguel Hidalgo,soltero/a,200453.92,Ahorro,2
19586,1.0,933277.932,Iztapalapa,casado/a,777731.61,Ahorro,2
19713,1.0,119808.816,Alvaro Obregon,soltero/a,99840.68,Ahorro,2
19864,1.0,568987.068,Magdalena Contreras,soltero/a,474155.89,Ahorro,2
19903,0.0,358390.7331,Cuauhtemoc,soltero/a,354842.31,Ahorro,2
19904,1.0,587881.836,Iztapalapa,casado/a,489901.53,Ahorro,2
20219,1.0,774166.404,Venustiano Carranza,viudo/a,645138.67,Ahorro,2
20261,1.0,1107230.904,Azcapotzalco,viudo/a,922692.42,Ahorro,2
20306,1.0,311023.932,Xochimilco,casado/a,259186.61,Ahorro,2
20347,1.0,294185.388,Azcapotzalco,viudo/a,245154.49,Ahorro,2
20397,1.0,937188.192,Tlalpan,soltero/a,780990.16,Ahorro,2
20499,1.0,888919.1279999999,Venustiano Carranza,viudo/a,740765.94,Ahorro,2
20582,0.0,905659.9098,Iztapalapa,casado/a,896692.98,Ahorro,2
20650,1.0,492596.60399999993,Cuauhtemoc,soltero/a,410497.17,Ahorro,2
20925,1.0,873629.604,Coyoacan,casado/a,728024.67,Ahorro,2
21093,0.0,385946.0985,Xochimilco,soltero/a,382124.85,Ahorro,2
21206,0.0,516015.8579,Iztacalco,soltero/a,510906.79,Ahorro,2
21209,1.0,58985.484,Tlalpan,viudo/a,49154.57,Ahorro,2
21254,1.0,110489.256,Milpa Alta,soltero/a,92074.38,Ahorro,2
21309,1.0,1101978.312,Gustavo A. Madero,casado/a,918315.26,Ahorro,2
21601,1.0,776066.0279999999,Xochimilco,soltero/a,646721.69,Ahorro,2
21651,1.0,830856.9600000001,Tlalpan,soltero/a,692380.8,Ahorro,2
21677,0.0,495390.5671,Azcapotzalco,viudo/a,490485.71,Ahorro,2
21700,1.0,1011823.224,Alvaro Obregon,casado/a,843186.02,Ahorro,2
21714,1.0,1029687.6,Tlahuac,casado/a,858073.0,Ahorro,2
21733,0.0,426116.7376,Magdalena Contreras,soltero/a,421897.76,Ahorro,2
21750,1.0,256960.848,Coyoacan,soltero/a,214134.04,Ahorro,2
21793,1.0,844673.2559999999,Magdalena Contreras,viudo/a,703894.38,Ahorro,2
21799,0.0,820406.2037,Milpa Alta,viudo/a,812283.37,Ahorro,2
22176,0.0,107724.8729,Iztapalapa,casado/a,106658.29,Ahorro,2
22183,0.0,0.0,Iztapalapa,casado/a,619150.3,Ahorro,2
22200,0.0,874604.9045,Venustiano Carranza,soltero/a,865945.45,Ahorro,2
22229,1.0,101519.988,Benito Juarez,soltero/a,84599.99,Ahorro,2
22349,1.0,435814.908,Xochimilco,viudo/a,363179.09,Ahorro,2
22350,0.0,610324.2443,Coyoacan,viudo/a,604281.43,Ahorro,2
22425,1.0,1124224.152,Gustavo A. Madero,viudo/a,936853.46,Ahorro,2
22499,0.0,868889.2438,Iztacalco,soltero/a,860286.38,Ahorro,2
22612,0.0,0.0,Azcapotzalco,casado/a,783947.07,Ahorro,2
22705,0.0,351873.2637,Venustiano Carranza,casado/a,348389.37,Ahorro,2
23538,1.0,1035720.3839999998,Tlahuac,viudo/a,863100.32,Ahorro,2
23716,1.0,924627.636,Alvaro Obregon,soltero/a,770523.03,Ahorro,2
23717,1.0,116716.464,Gustavo A. Madero,casado/a,97263.72,Ahorro,2
23978,0.0,352677.31460000004,Cuauhtemoc,casado/a,349185.46,Ahorro,3
24074,1.0,717476.904,Tlahuac,viudo/a,597897.42,Ahorro,2
24185,0.0,802210.1244999999,Alvaro Obregon,viudo/a,794267.45,Ahorro,2
24434,0.0,478443.2418,Coyoacan,viudo/a,473706.18,Ahorro,2
24533,1.0,163264.97999999998,Cuajimalpa,casado/a,136054.15,Ahorro,2
24778,1.0,849913.488,Milpa Alta,viudo/a,708261.24,Ahorro,2
24850,0.0,644008.5725,Benito Juarez,viudo/a,637632.25,Ahorro,2
25007,0.0,787172.2143000001,Alvaro Obregon,viudo/a,779378.43,Ahorro,2
25058,0.0,269122.1255,Tlahuac,soltero/a,266457.55,Ahorro,2
25212,1.0,179203.89599999998,Magdalena Contreras,viudo/a,149336.58,Ahorro,2
25249,1.0,374889.744,Alvaro Obregon,casado/a,312408.12,Ahorro,2
25265,0.0,356703.3564,Benito Juarez,soltero/a,353171.64,Ahorro,2
25423,1.0,845300.904,Milpa Alta,soltero/a,704417.42,Ahorro,2
25472,0.0,49325.3296,Gustavo A. Madero,viudo/a,48836.96,Ahorro,2
25570,1.0,492670.332,Coyoacan,viudo/a,410558.61,Ahorro,2
25582,0.0,140911.6953,Iztapalapa,soltero/a,139516.53,Ahorro,2
25584,1.0,1133317.464,Magdalena Contreras,casado/a,944431.22,Ahorro,2
25930,0.0,0.0,Azcapotzalco,soltero/a,233603.68,Ahorro,2
26065,0.0,616847.4707,Tlahuac,soltero/a,610740.07,Ahorro,2
26235,0.0,94222.0314,Iztapalapa,soltero/a,93289.14,Ahorro,2
26560,1.0,39499.068,Gustavo A. Madero,casado/a,32915.89,Ahorro,2
26791,0.0,902698.7211,Xochimilco,soltero/a,893761.11,Ahorro,2
26872,1.0,805191.4079999999,Milpa Alta,viudo/a,670992.84,Ahorro,2
26927,0.0,91637.1687,Benito Juarez,soltero/a,90729.87,Ahorro,2
27012,1.0,631153.404,Magdalena Contreras,viudo/a,525961.17,Ahorro,3
27031,1.0,722939.7119999999,Iztacalco,casado/a,602449.76,Ahorro,2
27038,1.0,608979.036,Tlahuac,viudo/a,507482.53,Ahorro,3
27116,1.0,916418.436,Miguel Hidalgo,casado/a,763682.03,Ahorro,2
27141,1.0,1051528.572,Xochimilco,soltero/a,876273.81,Ahorro,3
27267,0.0,83369.67229999999,Xochimilco,viudo/a,82544.23,Ahorro,2
27286,1.0,880762.7999999999,Tlahuac,viudo/a,733969.0,Ahorro,2
27420,0.0,832447.4136,Xochimilco,soltero/a,824205.36,Ahorro,2
27496,1.0,440037.624,Azcapotzalco,casado/a,366698.02,Ahorro,2
27718,1.0,233771.448,Tlahuac,viudo/a,194809.54,Ahorro,2
27858,1.0,1186781.3639999998,Tlahuac,casado/a,988984.47,Ahorro,3
27923,0.0,5558.3027,Benito Juarez,viudo/a,5503.27,Ahorro,2
27945,0.0,230445.6804,Benito Juarez,soltero/a,228164.04,Ahorro,2
28052,0.0,318436.1936,Iztapalapa,casado/a,315283.36,Ahorro,2
28594,1.0,748082.5079999999,Miguel Hidalgo,viudo/a,623402.09,Ahorro,3
28605,1.0,673725.636,Coyoacan,viudo/a,561438.03,Ahorro,2
28683,1.0,614011.1159999999,Tlahuac,viudo/a,511675.93,Ahorro,2
28907,1.0,243909.648,Iztacalco,viudo/a,203258.04,Ahorro,2
29250,0.0,34917.4069,Gustavo A. Madero,casado/a,34571.69,Ahorro,2
29267,0.0,411923.7732,Cuajimalpa,viudo/a,407845.32,Ahorro,2
29386,0.0,365161.4701,Gustavo A. Madero,casado/a,361546.01,Ahorro,2
29462,0.0,1008789.6261,Magdalena Contreras,casado/a,998801.61,Ahorro,2
29529,1.0,852928.896,Gustavo A. Madero,soltero/a,710774.08,Ahorro,2
29570,1.0,244229.592,Iztapalapa,soltero/a,203524.66,Ahorro,2
29810,1.0,1182637.788,Cuauhtemoc,soltero/a,985531.49,Ahorro,3
29928,1.0,922485.264,Tlahuac,casado/a,768737.72,Ahorro,2
30146,0.0,297839.61710000003,Miguel Hidalgo,viudo/a,294890.71,Ahorro,2
30190,1.0,842190.4079999999,Magdalena Contreras,viudo/a,701825.34,Ahorro,2
30684,1.0,1052640.528,Tlahuac,soltero/a,877200.44,Ahorro,2
30794,1.0,178183.776,Milpa Alta,viudo/a,148486.48,Ahorro,2
31065,0.0,214647.6341,Iztacalco,soltero/a,212522.41,Ahorro,2
31312,0.0,683038.5075,Alvaro Obregon,casado/a,676275.75,Ahorro,2
31324,1.0,211286.688,Cuajimalpa,casado/a,176072.24,Ahorro,2
31522,1.0,331767.816,Gustavo A. Madero,casado/a,276473.18,Ahorro,2
31832,0.0,193648.0676,Gustavo A. Madero,casado/a,191730.76,Ahorro,2
32517,0.0,740707.9723,Gustavo A. Madero,soltero/a,733374.23,Ahorro,2
32658,1.0,609349.38,Xochimilco,casado/a,507791.15,Ahorro,2
32688,0.0,513712.4923,Venustiano Carranza,soltero/a,508626.23,Ahorro,2
32767,0.0,734519.5508,Tlahuac,soltero/a,727247.08,Ahorro,2
32782,1.0,428675.64,Iztapalapa,soltero/a,357229.7,Ahorro,2
33001,0.0,350620.288,Alvaro Obregon,casado/a,347148.8,Ahorro,2
33057,1.0,82818.37199999999,Coyoacan,viudo/a,69015.31,Ahorro,3
33176,0.0,265836.3329,Azcapotzalco,soltero/a,263204.29,Ahorro,2
33299,1.0,710245.3439999999,Alvaro Obregon,viudo/a,591871.12,Ahorro,3
33374,0.0,550474.3309,Iztacalco,casado/a,545024.09,Ahorro,2
33426,1.0,370696.056,Alvaro Obregon,soltero/a,308913.38,Ahorro,2
34020,0.0,4134.738,Xochimilco,viudo/a,4093.8,Ahorro,2
34177,0.0,350514.6016,Milpa Alta,soltero/a,347044.16,Ahorro,2
34609,1.0,977682.144,Gustavo A. Madero,soltero/a,814735.12,Ahorro,4
34653,1.0,310290.84,Venustiano Carranza,soltero/a,258575.7,Ahorro,2
34773,1.0,1115676.66,Coyoacan,casado/a,929730.55,Ahorro,3
34841,0.0,419613.5597,Gustavo A. Madero,soltero/a,415458.97,Ahorro,2
34999,0.0,705368.3753000001,Cuajimalpa,casado/a,698384.53,Ahorro,2
35022,0.0,949596.1521,Iztacalco,viudo/a,940194.21,Ahorro,2
35179,0.0,0.0,Iztacalco,soltero/a,43814.41,Ahorro,2
35247,0.0,0.0,Xochimilco,soltero/a,289707.76,Ahorro,2
35251,0.0,707152.1565,Tlalpan,casado/a,700150.65,Ahorro,2
35389,0.0,986775.5247,Alvaro Obregon,viudo/a,977005.47,Ahorro,2
35397,0.0,772699.6819,Iztacalco,viudo/a,765049.19,Ahorro,2
35461,0.0,514046.9841,Tlalpan,casado/a,508957.41,Ahorro,2
35625,0.0,490734.5479,Miguel Hidalgo,viudo/a,485875.79,Ahorro,2
35849,0.0,915817.4293,Gustavo A. Madero,viudo/a,906749.93,Ahorro,2
36018,1.0,350935.644,Venustiano Carranza,viudo/a,292446.37,Ahorro,2
36103,1.0,80876.328,Cuauhtemoc,soltero/a,67396.94,Ahorro,2
36227,1.0,97091.304,Tlahuac,viudo/a,80909.42,Ahorro,2
36386,1.0,477235.32,Magdalena Contreras,casado/a,397696.1,Ahorro,2
36591,0.0,0.0,Milpa Alta,soltero/a,55574.13,Ahorro,2
36593,1.0,107741.604,Tlahuac,casado/a,89784.67,Ahorro,2
36791,1.0,576146.544,Venustiano Carranza,soltero/a,480122.12,Ahorro,3
37001,1.0,888376.6079999999,Azcapotzalco,casado/a,740313.84,Ahorro,2
37035,1.0,507790.056,Alvaro Obregon,casado/a,423158.38,Ahorro,2
37198,0.0,34415.0026,Milpa Alta,casado/a,34074.26,Ahorro,2
37319,1.0,76557.58799999999,Azcapotzalco,casado/a,63797.99,Ahorro,3
37392,0.0,88283.8677,Iztapalapa,casado/a,87409.77,Ahorro,2
37542,1.0,1122198.912,Magdalena Contreras,casado/a,935165.76,Ahorro,2
37666,1.0,1104988.344,Tlahuac,casado/a,920823.62,Ahorro,2
37692,1.0,0.0,Miguel Hidalgo,casado/a,395008.22,Ahorro,2
37735,1.0,314358.264,Tlalpan,soltero/a,261965.22,Ahorro,3
37802,0.0,41478.4174,Gustavo A. Madero,casado/a,41067.74,Ahorro,2
37868,0.0,190332.5507,Gustavo A. Madero,casado/a,188448.07,Ahorro,2
37888,0.0,506910.7786,Iztacalco,casado/a,501891.86,Ahorro,2
37931,1.0,145151.688,Magdalena Contreras,casado/a,120959.74,Ahorro,3
37982,1.0,860316.8879999999,Tlahuac,casado/a,716930.74,Ahorro,3
37988,1.0,665529.8279999999,Cuauhtemoc,viudo/a,554608.19,Ahorro,2
38338,0.0,689143.4929000001,Coyoacan,casado/a,682320.29,Ahorro,2
38408,0.0,196070.3001,Miguel Hidalgo,casado/a,194129.01,Ahorro,2
38464,0.0,600863.1905,Tlalpan,casado/a,594914.05,Ahorro,2
38621,0.0,422042.8622,Miguel Hidalgo,viudo/a,417864.22,Ahorro,2
38735,1.0,754808.604,Venustiano Carranza,viudo/a,629007.17,Ahorro,3
39251,0.0,722187.4508,Tlahuac,casado/a,715037.08,Ahorro,2
39260,0.0,691876.7043999999,Tlahuac,casado/a,685026.44,Ahorro,2
39419,0.0,377237.0301,Gustavo A. Madero,soltero/a,373502.01,Ahorro,2
39550,1.0,952335.552,Miguel Hidalgo,casado/a,793612.96,Ahorro,2
39886,0.0,701517.2352,Azcapotzalco,viudo/a,694571.52,Ahorro,2
40067,0.0,782458.5241,Iztapalapa,casado/a,774711.41,Ahorro,2
40072,0.0,977567.6577,Venustiano Carranza,casado/a,967888.77,Ahorro,2
40101,1.0,567600.216,Benito Juarez,soltero/a,473000.18,Ahorro,3
40384,1.0,718871.868,Iztapalapa,soltero/a,599059.89,Ahorro,2
40591,0.0,521887.3212,Tlahuac,casado/a,516720.12,Ahorro,2
40804,1.0,780405.624,Venustiano Carranza,casado/a,650338.02,Ahorro,2
40880,1.0,929227.368,Alvaro Obregon,soltero/a,774356.14,Ahorro,2
40945,0.0,345021.51460000005,Magdalena Contreras,casado/a,341605.46,Ahorro,2
41217,1.0,246930.18,Tlalpan,casado/a,205775.15,Ahorro,2
41686,1.0,0.0,Coyoacan,viudo/a,950068.46,Ahorro,2
41723,1.0,58011.48,Gustavo A. Madero,casado/a,48342.9,Ahorro,2
41734,0.0,455970.9539,Venustiano Carranza,soltero/a,451456.39,Ahorro,2
41956,1.0,430311.408,Tlalpan,soltero/a,358592.84,Ahorro,2
42136,1.0,420425.148,Milpa Alta,soltero/a,350354.29,Ahorro,2
42454,1.0,1018892.124,Benito Juarez,viudo/a,849076.77,Ahorro,2
42559,1.0,1133259.096,Iztacalco,soltero/a,944382.58,Ahorro,2
42709,0.0,621990.2493,Iztapalapa,soltero/a,615831.93,Ahorro,2
42739,0.0,0.0,Tlalpan,soltero/a,519415.57,Ahorro,2
43840,0.0,74723.30470000001,Tlalpan,viudo/a,73983.47,Ahorro,2
43857,0.0,899245.8038,Milpa Alta,viudo/a,890342.38,Ahorro,2
44020,0.0,348023.78,Gustavo A. Madero,casado/a,344578.0,Ahorro,2
44122,1.0,1184926.476,Tlahuac,soltero/a,987438.73,Ahorro,3
44398,1.0,552819.576,Venustiano Carranza,viudo/a,460682.98,Ahorro,2
44403,0.0,747150.8936,Venustiano Carranza,soltero/a,739753.36,Ahorro,2
44458,0.0,816877.8293000001,Miguel Hidalgo,casado/a,808789.93,Ahorro,2
44463,0.0,807907.1406,Iztapalapa,casado/a,799908.06,Ahorro,2
44724,1.0,1087010.76,Cuauhtemoc,viudo/a,905842.3,Ahorro,2
44805,0.0,0.0,Tlalpan,viudo/a,30899.77,Ahorro,2
44822,1.0,536601.7559999999,Gustavo A. Madero,soltero/a,447168.13,Ahorro,2
44908,0.0,194340.9882,Venustiano Carranza,casado/a,192416.82,Ahorro,3
45187,1.0,986147.148,Iztapalapa,soltero/a,821789.29,Ahorro,2
45510,0.0,257875.3614,Venustiano Carranza,viudo/a,255322.14,Ahorro,2
45557,0.0,419070.614,Coyoacan,casado/a,414921.4,Ahorro,2
45623,0.0,557526.262,Cuajimalpa,soltero/a,552006.2,Ahorro,2
45705,0.0,422144.2662,Milpa Alta,viudo/a,417964.62,Ahorro,2
45803,0.0,764054.4859,Xochimilco,soltero/a,756489.59,Ahorro,2
45845,0.0,851349.3717,Alvaro Obregon,casado/a,842920.17,Ahorro,2
46024,0.0,518911.4875,Benito Juarez,soltero/a,513773.75,Ahorro,2
46065,0.0,101680.942,Miguel Hidalgo,soltero/a,100674.2,Ahorro,2
46069,0.0,878227.1786,Cuauhtemoc,casado/a,869531.86,Ahorro,2
46163,0.0,957482.7472,Iztacalco,viudo/a,948002.72,Ahorro,2
46643,0.0,278977.1197,Cuauhtemoc,viudo/a,276214.97,Ahorro,2
46688,0.0,262623.13910000003,Tlahuac,casado/a,260022.91,Ahorro,2
46759,1.0,493207.2,Magdalena Contreras,casado/a,411006.0,Ahorro,3
46888,1.0,287792.832,Cuajimalpa,casado/a,239827.36,Ahorro,2
46881,1.0,1110531.828,Benito Juarez,casado/a,925443.19,Ahorro,2
47061,0.0,840881.9539,Tlalpan,viudo/a,832556.39,Ahorro,2
47169,0.0,498353.2304,Cuajimalpa,casado/a,493419.04,Ahorro,2
47675,0.0,571388.7948,Iztacalco,viudo/a,565731.48,Ahorro,2
47789,1.0,0.0,Venustiano Carranza,soltero/a,793217.78,Ahorro,2
47792,1.0,372637.68,Cuajimalpa,soltero/a,310531.4,Ahorro,2
47941,0.0,404536.4514,Miguel Hidalgo,soltero/a,400531.14,Ahorro,2
47986,1.0,312634.89599999995,Gustavo A. Madero,viudo/a,260529.08,Ahorro,2
48708,1.0,428605.596,Cuauhtemoc,casado/a,357171.33,Ahorro,4
48974,0.0,52308.6676,Venustiano Carranza,soltero/a,51790.76,Ahorro,2
49389,0.0,221793.6669,Iztacalco,soltero/a,219597.69,Ahorro,2
49491,1.0,725859.2999999999,Tlahuac,soltero/a,604882.75,Ahorro,3
49572,1.0,545998.008,Xochimilco,casado/a,454998.34,Ahorro,2
49688,1.0,1064920.932,Iztapalapa,soltero/a,887434.11,Ahorro,3
49862,0.0,162848.562,Gustavo A. Madero,viudo/a,161236.2,Ahorro,2
50154,0.0,800111.8293000001,Milpa Alta,viudo/a,792189.93,Ahorro,2
50160,1.0,133296.504,Milpa Alta,viudo/a,111080.42,Ahorro,3
50298,0.0,508972.5219,Venustiano Carranza,soltero/a,503933.19,Ahorro,2
50392,1.0,484204.032,Tlalpan,viudo/a,403503.36,Ahorro,2
50760,0.0,974431.2239,Iztapalapa,casado/a,964783.39,Ahorro,2
51043,1.0,937055.088,Gustavo A. Madero,soltero/a,780879.24,Ahorro,2
51260,0.0,743762.8082,Venustiano Carranza,viudo/a,736398.82,Ahorro,2
51432,0.0,335586.0946,Alvaro Obregon,casado/a,332263.46,Ahorro,2
51482,1.0,813302.9759999999,Magdalena Contreras,soltero/a,677752.48,Ahorro,2
51533,0.0,274547.6132,Miguel Hidalgo,soltero/a,271829.32,Ahorro,2
51557,0.0,230524.5614,Azcapotzalco,soltero/a,228242.14,Ahorro,2
51995,1.0,784178.148,Tlalpan,viudo/a,653481.79,Ahorro,2
52127,1.0,695443.4759999999,Venustiano Carranza,casado/a,579536.23,Ahorro,3
52280,1.0,585602.532,Gustavo A. Madero,soltero/a,488002.11,Ahorro,3
52374,1.0,871232.0160000001,Azcapotzalco,soltero/a,726026.68,Ahorro,2
52463,0.0,324621.6861,Cuauhtemoc,viudo/a,321407.61,Ahorro,2
53174,0.0,639349.7455000001,Azcapotzalco,viudo/a,633019.55,Ahorro,2
53219,1.0,1140305.6879999998,Miguel Hidalgo,viudo/a,950254.74,Ahorro,3
53489,1.0,963078.648,Xochimilco,viudo/a,802565.54,Ahorro,2
53503,0.0,535548.1267,Cuauhtemoc,soltero/a,530245.67,Ahorro,2
53604,0.0,212224.634,Azcapotzalco,viudo/a,210123.4,Ahorro,2
53659,1.0,52646.112,Venustiano Carranza,viudo/a,43871.76,Ahorro,2
54161,0.0,874563.9793,Iztacalco,viudo/a,865904.93,Ahorro,2
54421,0.0,776914.1897,Cuajimalpa,viudo/a,769221.97,Ahorro,2
54429,1.0,1003005.156,Magdalena Contreras,soltero/a,835837.63,Ahorro,3
54795,0.0,709955.0782,Iztacalco,viudo/a,702925.82,Ahorro,2
54952,0.0,860694.6895999999,Tlalpan,soltero/a,852172.96,Ahorro,2
55045,0.0,968907.3723,Cuauhtemoc,casado/a,959314.23,Ahorro,2
55075,1.0,467047.98,Xochimilco,viudo/a,389206.65,Ahorro,3
55185,1.0,13367.844,Gustavo A. Madero,soltero/a,11139.87,Ahorro,2
55336,0.0,474128.7339,Magdalena Contreras,soltero/a,469434.39,Ahorro,2
55352,1.0,373077.516,Tlalpan,soltero/a,310897.93,Ahorro,3
55391,1.0,820322.568,Cuauhtemoc,viudo/a,683602.14,Ahorro,2
55489,1.0,759512.112,Benito Juarez,casado/a,632926.76,Ahorro,2
55562,0.0,647310.0908,Gustavo A. Madero,soltero/a,640901.08,Ahorro,2
56022,1.0,619610.1599999999,Tlahuac,soltero/a,516341.8,Ahorro,3
56152,1.0,1072461.024,Azcapotzalco,soltero/a,893717.52,Ahorro,2
56524,0.0,541638.4671,Coyoacan,viudo/a,536275.71,Ahorro,2
56646,0.0,824690.4116,Milpa Alta,viudo/a,816525.16,Ahorro,2
57187,0.0,962362.5218,Coyoacan,soltero/a,952834.18,Ahorro,2
57239,0.0,819711.8084999999,Magdalena Contreras,soltero/a,811595.85,Ahorro,2
57255,0.0,0.0,Milpa Alta,viudo/a,443147.17,Ahorro,2
57416,1.0,500237.904,Azcapotzalco,viudo/a,416864.92,Ahorro,2
57563,0.0,507748.5433,Benito Juarez,casado/a,502721.33,Ahorro,2
57756,0.0,998127.5409,Xochimilco,casado/a,988245.09,Ahorro,2
57801,1.0,578074.236,Gustavo A. Madero,casado/a,481728.53,Ahorro,2
58107,1.0,328551.396,Magdalena Contreras,viudo/a,273792.83,Ahorro,2
58294,0.0,263605.5358,Benito Juarez,soltero/a,260995.58,Ahorro,2
58309,1.0,524209.476,Tlahuac,viudo/a,436841.23,Ahorro,2
58615,0.0,167401.5107,Miguel Hidalgo,casado/a,165744.07,Ahorro,2
58859,1.0,928372.932,Gustavo A. Madero,casado/a,773644.11,Ahorro,2
58949,0.0,198741.9319,Coyoacan,viudo/a,196774.19,Ahorro,2
59025,1.0,252859.56,Gustavo A. Madero,viudo/a,210716.3,Ahorro,2
59089,1.0,989354.064,Gustavo A. Madero,casado/a,824461.72,Ahorro,2
59149,1.0,1123449.156,Alvaro Obregon,casado/a,936207.63,Ahorro,2
59418,1.0,584507.6039999999,Iztapalapa,soltero/a,487089.67,Ahorro,2
59480,1.0,533779.3439999999,Cuajimalpa,soltero/a,444816.12,Ahorro,2
59542,1.0,697395.288,Iztapalapa,viudo/a,581162.74,Ahorro,2
59928,0.0,438552.5141,Iztacalco,casado/a,434210.41,Ahorro,2
60000,0.0,773647.5669,Cuajimalpa,casado/a,765987.69,Ahorro,2
60010,0.0,33604.0635,Miguel Hidalgo,soltero/a,33271.35,Ahorro,2
60090,1.0,433587.168,Tlahuac,casado/a,361322.64,Ahorro,2
60194,0.0,461395.371,Tlalpan,viudo/a,456827.1,Ahorro,2
60198,1.0,679700.1959999999,Benito Juarez,soltero/a,566416.83,Ahorro,2
60435,1.0,335152.176,Iztapalapa,casado/a,279293.48,Ahorro,2
60462,1.0,1053524.604,Cuajimalpa,soltero/a,877937.17,Ahorro,2
60467,0.0,859343.1278,Magdalena Contreras,soltero/a,850834.78,Ahorro,2
60643,1.0,311054.34,Iztapalapa,casado/a,259211.95,Ahorro,2
60658,0.0,762393.8439,Venustiano Carranza,casado/a,754845.39,Ahorro,2
61059,0.0,630075.9659,Benito Juarez,casado/a,623837.59,Ahorro,2
61099,1.0,151950.96,Tlahuac,viudo/a,126625.8,Ahorro,2
61303,1.0,0.0,Magdalena Contreras,casado/a,774575.37,Ahorro,2
61315,1.0,171823.356,Gustavo A. Madero,soltero/a,143186.13,Ahorro,2
61497,1.0,201774.876,Iztacalco,casado/a,168145.73,Ahorro,2
61546,0.0,48444.246,Magdalena Contreras,casado/a,47964.6,Ahorro,2
61670,0.0,210203.2705,Venustiano Carranza,viudo/a,208122.05,Ahorro,2
61731,1.0,716278.716,Iztapalapa,casado/a,596898.93,Ahorro,2
62025,1.0,286414.32,Cuajimalpa,viudo/a,238678.6,Ahorro,2
62080,1.0,90706.21199999998,Coyoacan,soltero/a,75588.51,Ahorro,2
62338,1.0,1157680.704,Alvaro Obregon,soltero/a,964733.92,Ahorro,2
62569,0.0,291231.2073,Iztapalapa,soltero/a,288347.73,Ahorro,2
62638,0.0,481315.3485,Benito Juarez,soltero/a,476549.85,Ahorro,2
62688,1.0,1148314.74,Cuajimalpa,viudo/a,956928.95,Ahorro,2
62752,0.0,0.0,Alvaro Obregon,casado/a,326584.36,Ahorro,2
62754,1.0,33356.148,Cuajimalpa,soltero/a,27796.79,Ahorro,2
62874,0.0,328854.3739,Iztapalapa,viudo/a,325598.39,Ahorro,2
62927,1.0,368993.988,Xochimilco,viudo/a,307494.99,Ahorro,2
62976,1.0,638394.8279999999,Iztapalapa,viudo/a,531995.69,Ahorro,2
62981,0.0,248131.0127,Alvaro Obregon,soltero/a,245674.27,Ahorro,2
63028,0.0,823647.5765000001,Cuauhtemoc,viudo/a,815492.65,Ahorro,2
63079,0.0,105546.1716,Cuauhtemoc,soltero/a,104501.16,Ahorro,2
63084,0.0,977730.8434,Iztacalco,viudo/a,968050.34,Ahorro,2
63134,0.0,94411.5781,Xochimilco,casado/a,93476.81,Ahorro,2
63165,0.0,549938.0411,Coyoacan,viudo/a,544493.11,Ahorro,2
63438,1.0,65186.712,Venustiano Carranza,viudo/a,54322.26,Ahorro,3
63549,1.0,586765.812,Iztapalapa,casado/a,488971.51,Ahorro,2
63772,0.0,163620.71709999998,Magdalena Contreras,viudo/a,162000.71,Ahorro,2
63851,0.0,676238.6118000001,Cuauhtemoc,soltero/a,669543.18,Ahorro,2
63901,1.0,1191697.512,Xochimilco,casado/a,993081.26,Ahorro,2
64049,0.0,901459.0673,Azcapotzalco,casado/a,892533.73,Ahorro,2
64267,1.0,687815.796,Tlahuac,casado/a,573179.83,Ahorro,2
64346,0.0,171522.6238,Tlahuac,soltero/a,169824.38,Ahorro,2
64823,0.0,174882.0454,Cuauhtemoc,viudo/a,173150.54,Ahorro,2
65035,1.0,252611.844,Cuauhtemoc,casado/a,210509.87,Ahorro,2
65280,1.0,65926.87199999999,Cuajimalpa,viudo/a,54939.06,Ahorro,2
65380,0.0,252830.977,Cuauhtemoc,viudo/a,250327.7,Ahorro,2
65456,0.0,226652.0497,Venustiano Carranza,viudo/a,224407.97,Ahorro,2
65676,1.0,1043905.26,Gustavo A. Madero,casado/a,869921.05,Ahorro,2
65943,1.0,307175.568,Tlalpan,casado/a,255979.64,Ahorro,2
66056,0.0,650230.3139000001,Tlalpan,soltero/a,643792.39,Ahorro,2
66071,0.0,585029.5316,Coyoacan,soltero/a,579237.16,Ahorro,2
66237,0.0,379787.7043,Cuajimalpa,viudo/a,376027.43,Ahorro,2
66352,0.0,170887.37420000002,Gustavo A. Madero,casado/a,169195.42,Ahorro,2
66762,1.0,327294.42,Xochimilco,viudo/a,272745.35,Ahorro,2
66765,1.0,98998.56,Cuauhtemoc,casado/a,82498.8,Ahorro,3
66846,0.0,556620.7263,Benito Juarez,soltero/a,551109.63,Ahorro,2
66855,0.0,657440.108,Coyoacan,viudo/a,650930.8,Ahorro,2
66858,1.0,1184203.284,Tlalpan,soltero/a,986836.07,Ahorro,2
66947,1.0,481585.74,Milpa Alta,casado/a,401321.45,Ahorro,2
66990,1.0,156688.152,Miguel Hidalgo,soltero/a,130573.46,Ahorro,4
67165,1.0,408523.032,Alvaro Obregon,viudo/a,340435.86,Ahorro,2
67283,0.0,488219.0621,Benito Juarez,casado/a,483385.21,Ahorro,2
67534,1.0,5774.472000000001,Coyoacan,viudo/a,4812.06,Ahorro,2
67776,1.0,679641.36,Venustiano Carranza,soltero/a,566367.8,Ahorro,2
67855,0.0,988814.1087,Coyoacan,casado/a,979023.87,Ahorro,2
67916,0.0,882337.2019,Iztacalco,casado/a,873601.19,Ahorro,2
68015,1.0,123364.068,Gustavo A. Madero,casado/a,102803.39,Ahorro,2
68143,1.0,671207.088,Azcapotzalco,casado/a,559339.24,Ahorro,2
68525,1.0,981316.068,Cuajimalpa,viudo/a,817763.39,Ahorro,2
68601,1.0,984640.44,Magdalena Contreras,soltero/a,820533.7,Ahorro,2
68677,0.0,36334.8207,Alvaro Obregon,soltero/a,35975.07,Ahorro,2
68946,1.0,16023.54,Xochimilco,soltero/a,13352.95,Ahorro,3
68990,1.0,235902.612,Iztapalapa,viudo/a,196585.51,Ahorro,2
69193,0.0,58930.985100000005,Benito Juarez,soltero/a,58347.51,Ahorro,2
69274,1.0,229235.7,Iztapalapa,casado/a,191029.75,Ahorro,2
69453,0.0,68759.1537,Iztacalco,casado/a,68078.37,Ahorro,2
69832,1.0,791381.532,Miguel Hidalgo,viudo/a,659484.61,Ahorro,2
70004,0.0,580036.3239000001,Milpa Alta,casado/a,574293.39,Ahorro,2
70255,1.0,770907.0839999999,Milpa Alta,casado/a,642422.57,Ahorro,2
70307,0.0,798307.4946,Iztapalapa,casado/a,790403.46,Ahorro,2
70484,1.0,82870.02,Tlalpan,casado/a,69058.35,Ahorro,2
70956,1.0,457142.58,Cuauhtemoc,viudo/a,380952.15,Ahorro,2
71091,1.0,860276.34,Xochimilco,viudo/a,716896.95,Ahorro,2
71161,0.0,474931.3607,Benito Juarez,casado/a,470229.07,Ahorro,2
71510,1.0,548342.76,Cuajimalpa,soltero/a,456952.3,Ahorro,2
71573,1.0,89558.628,Coyoacan,soltero/a,74632.19,Ahorro,2
71700,0.0,552718.1065,Xochimilco,viudo/a,547245.65,Ahorro,2
71755,1.0,711492.624,Venustiano Carranza,casado/a,592910.52,Ahorro,2
71774,0.0,410529.8823,Milpa Alta,viudo/a,406465.23,Ahorro,2
71899,1.0,947213.016,Gustavo A. Madero,viudo/a,789344.18,Ahorro,2
71963,1.0,818432.748,Alvaro Obregon,soltero/a,682027.29,Ahorro,2
72112,0.0,175408.2251,Cuajimalpa,casado/a,173671.51,Ahorro,2
72252,1.0,519952.092,Venustiano Carranza,soltero/a,433293.41,Ahorro,2
72400,1.0,189732.648,Tlalpan,viudo/a,158110.54,Ahorro,2
72412,0.0,517582.8931,Azcapotzalco,casado/a,512458.31,Ahorro,2
72567,0.0,698261.4598,Miguel Hidalgo,soltero/a,691347.98,Ahorro,2
72574,1.0,993934.548,Tlahuac,casado/a,828278.79,Ahorro,2
72578,1.0,63995.796,Gustavo A. Madero,soltero/a,53329.83,Ahorro,3
72639,0.0,708461.0256,Gustavo A. Madero,casado/a,701446.56,Ahorro,2
72661,0.0,172322.0287,Xochimilco,casado/a,170615.87,Ahorro,2
72987,1.0,347511.948,Xochimilco,soltero/a,289593.29,Ahorro,2
73096,1.0,408465.276,Tlahuac,casado/a,340387.73,Ahorro,2
73139,0.0,332443.16650000005,Gustavo A. Madero,casado/a,329151.65,Ahorro,2
73486,1.0,0.0,Magdalena Contreras,casado/a,905121.91,Ahorro,2
73748,1.0,693771.444,Milpa Alta,soltero/a,578142.87,Ahorro,3
73829,0.0,45973.7658,Alvaro Obregon,soltero/a,45518.58,Ahorro,2
73895,0.0,0.0,Venustiano Carranza,viudo/a,735368.78,Ahorro,2
74157,1.0,668429.136,Milpa Alta,viudo/a,557024.28,Ahorro,2
74418,1.0,831551.4600000001,Alvaro Obregon,viudo/a,692959.55,Ahorro,2
74424,1.0,26641.248,Alvaro Obregon,casado/a,22201.04,Ahorro,4
74430,0.0,576730.5535,Gustavo A. Madero,casado/a,571020.35,Ahorro,2
74661,1.0,411868.104,Venustiano Carranza,casado/a,343223.42,Ahorro,3
74827,0.0,851200.4371,Cuauhtemoc,casado/a,842772.71,Ahorro,2
74837,1.0,641044.62,Gustavo A. Madero,soltero/a,534203.85,Ahorro,2
74894,0.0,702096.9449,Venustiano Carranza,soltero/a,695145.49,Ahorro,2
75200,0.0,464129.0168,Cuajimalpa,soltero/a,459533.68,Ahorro,2
75544,1.0,278029.8,Azcapotzalco,soltero/a,231691.5,Ahorro,2
76013,1.0,328506.264,Tlahuac,soltero/a,273755.22,Ahorro,2
76062,1.0,223174.068,Benito Juarez,soltero/a,185978.39,Ahorro,2
76250,0.0,112820.7673,Tlalpan,casado/a,111703.73,Ahorro,3
76475,0.0,914986.1488,Iztacalco,casado/a,905926.88,Ahorro,3
76956,1.0,982495.116,Alvaro Obregon,soltero/a,818745.93,Ahorro,3
77029,1.0,717298.4759999999,Miguel Hidalgo,viudo/a,597748.73,Ahorro,2
77046,1.0,802308.012,Benito Juarez,soltero/a,668590.01,Ahorro,2
77158,0.0,733839.0632999999,Magdalena Contreras,soltero/a,726573.33,Ahorro,2
77263,1.0,393302.364,Iztacalco,casado/a,327751.97,Ahorro,2
77279,1.0,821820.912,Alvaro Obregon,casado/a,684850.76,Ahorro,3
77374,1.0,22686.108,Tlahuac,casado/a,18905.09,Ahorro,2
77459,1.0,899643.9,Miguel Hidalgo,casado/a,749703.25,Ahorro,2
77478,1.0,227165.712,Miguel Hidalgo,viudo/a,189304.76,Ahorro,2
77544,1.0,1003718.772,Alvaro Obregon,casado/a,836432.31,Ahorro,2
77636,1.0,601958.8439999999,Gustavo A. Madero,soltero/a,501632.37,Ahorro,2
77929,1.0,352978.416,Azcapotzalco,soltero/a,294148.68,Ahorro,2
78193,1.0,558244.26,Miguel Hidalgo,viudo/a,465203.55,Ahorro,2
78669,1.0,1086302.22,Azcapotzalco,soltero/a,905251.85,Ahorro,2
78738,0.0,408032.3644,Milpa Alta,casado/a,403992.44,Ahorro,2
78847,0.0,163191.63880000002,Azcapotzalco,soltero/a,161575.88,Ahorro,2
78849,1.0,789721.056,Iztapalapa,casado/a,658100.88,Ahorro,3
78890,0.0,262459.6504,Alvaro Obregon,casado/a,259861.04,Ahorro,2
79033,0.0,985966.5955,Iztapalapa,viudo/a,976204.55,Ahorro,2
79205,1.0,1035298.224,Iztacalco,soltero/a,862748.52,Ahorro,2
79284,0.0,61398.879700000005,Coyoacan,soltero/a,60790.97,Ahorro,2
79546,1.0,510985.548,Tlahuac,casado/a,425821.29,Ahorro,2
79655,0.0,931234.7056,Coyoacan,viudo/a,922014.56,Ahorro,2
79674,1.0,197701.116,Milpa Alta,casado/a,164750.93,Ahorro,3
79709,1.0,557173.152,Tlahuac,soltero/a,464310.96,Ahorro,2
79739,1.0,175774.02,Venustiano Carranza,casado/a,146478.35,Ahorro,2
79842,1.0,100985.676,Iztacalco,soltero/a,84154.73,Ahorro,2
79966,1.0,501311.652,Coyoacan,casado/a,417759.71,Ahorro,2
80141,1.0,761316.732,Alvaro Obregon,viudo/a,634430.61,Ahorro,2
80193,1.0,925077.096,Venustiano Carranza,casado/a,770897.58,Ahorro,2
80744,1.0,1033909.632,Cuajimalpa,viudo/a,861591.36,Ahorro,2
80794,1.0,703422.492,Iztapalapa,viudo/a,586185.41,Ahorro,2
80967,0.0,0.0,Coyoacan,viudo/a,9407.3,Ahorro,2
81017,1.0,1053624.6,Miguel Hidalgo,viudo/a,878020.5,Ahorro,2
81035,0.0,935546.8097,Milpa Alta,casado/a,926283.97,Ahorro,2
81064,1.0,916184.724,Benito Juarez,soltero/a,763487.27,Ahorro,2
81235,0.0,569448.5443999999,Cuajimalpa,soltero/a,563810.44,Ahorro,2
81264,0.0,181836.3095,Xochimilco,viudo/a,180035.95,Ahorro,2
81270,1.0,185850.228,Iztacalco,casado/a,154875.19,Ahorro,2
81389,1.0,499801.6919999999,Miguel Hidalgo,viudo/a,416501.41,Ahorro,2
81452,1.0,825407.364,Iztacalco,viudo/a,687839.47,Ahorro,3
81491,0.0,727021.8056999999,Azcapotzalco,viudo/a,719823.57,Ahorro,2
81599,0.0,1000550.9652,Milpa Alta,viudo/a,990644.52,Ahorro,2
81606,1.0,109587.384,Gustavo A. Madero,viudo/a,91322.82,Ahorro,2
81745,1.0,312368.016,Azcapotzalco,casado/a,260306.68,Ahorro,2
81990,1.0,117334.656,Benito Juarez,viudo/a,97778.88,Ahorro,2
82155,0.0,268101.1367,Miguel Hidalgo,soltero/a,265446.67,Ahorro,2
82547,1.0,141276.684,Coyoacan,casado/a,117730.57,Ahorro,2
82552,0.0,573181.4842000001,Gustavo A. Madero,viudo/a,567506.42,Ahorro,2
82786,0.0,964651.0303,Milpa Alta,viudo/a,955100.03,Ahorro,2
82920,1.0,1131360.564,Tlalpan,soltero/a,942800.47,Ahorro,2
82974,0.0,471674.7571000001,Xochimilco,soltero/a,467004.71,Ahorro,2
83073,1.0,775730.676,Milpa Alta,soltero/a,646442.23,Ahorro,2
83206,0.0,725053.6389,Gustavo A. Madero,soltero/a,717874.89,Ahorro,2
83359,0.0,557947.8966000001,Cuajimalpa,soltero/a,552423.66,Ahorro,2
83651,0.0,221241.9948,Cuajimalpa,viudo/a,219051.48,Ahorro,2
83863,1.0,310472.604,Tlalpan,soltero/a,258727.17,Ahorro,2
83918,0.0,109764.0225,Magdalena Contreras,viudo/a,108677.25,Ahorro,2
83935,1.0,202244.604,Magdalena Contreras,casado/a,168537.17,Ahorro,2
84273,0.0,643643.5787,Alvaro Obregon,viudo/a,637270.87,Ahorro,2
84303,1.0,382950.324,Iztapalapa,viudo/a,319125.27,Ahorro,2
84361,1.0,311905.848,Iztapalapa,soltero/a,259921.54,Ahorro,2
84368,1.0,699928.2,Tlalpan,viudo/a,583273.5,Ahorro,2
84516,0.0,598645.3618000001,Coyoacan,viudo/a,592718.18,Ahorro,2
84594,0.0,659169.7229,Alvaro Obregon,soltero/a,652643.29,Ahorro,3
85170,0.0,440165.5952,Tlahuac,soltero/a,435807.52,Ahorro,2
85241,1.0,55177.152,Miguel Hidalgo,casado/a,45980.96,Ahorro,2
85513,0.0,264013.2021,Milpa Alta,soltero/a,261399.21,Ahorro,2
85876,0.0,874944.6281000001,Venustiano Carranza,casado/a,866281.81,Ahorro,2
85979,0.0,145402.70070000002,Coyoacan,soltero/a,143963.07,Ahorro,2
86023,1.0,482105.388,Xochimilco,soltero/a,401754.49,Ahorro,2
86863,0.0,907708.0787,Alvaro Obregon,casado/a,898720.87,Ahorro,2
86875,1.0,860776.56,Alvaro Obregon,soltero/a,717313.8,Ahorro,2
86968,1.0,1013435.796,Alvaro Obregon,soltero/a,844529.83,Ahorro,2
87120,0.0,66715.0753,Gustavo A. Madero,casado/a,66054.53,Ahorro,2
87156,0.0,994870.6848,Iztacalco,soltero/a,985020.48,Ahorro,2
87339,0.0,166799.24769999998,Venustiano Carranza,casado/a,165147.77,Ahorro,2
87350,0.0,567650.7444,Azcapotzalco,viudo/a,562030.44,Ahorro,2
87418,1.0,356933.724,Miguel Hidalgo,casado/a,297444.77,Ahorro,3
87429,1.0,434203.8,Cuauhtemoc,casado/a,361836.5,Ahorro,2
87623,1.0,561362.328,Gustavo A. Madero,casado/a,467801.94,Ahorro,2
87649,1.0,197733.672,Miguel Hidalgo,soltero/a,164778.06,Ahorro,2
87731,0.0,568654.7753,Gustavo A. Madero,soltero/a,563024.53,Ahorro,2
87828,0.0,1517.6058,Iztapalapa,casado/a,1502.58,Ahorro,2
87885,1.0,579930.504,Tlahuac,soltero/a,483275.42,Ahorro,2
88402,1.0,754584.624,Cuauhtemoc,casado/a,628820.52,Ahorro,2
88441,0.0,181529.0473,Cuajimalpa,soltero/a,179731.73,Ahorro,2
88642,1.0,0.0,Xochimilco,viudo/a,593542.09,Ahorro,2
88764,1.0,820560.9959999999,Azcapotzalco,viudo/a,683800.83,Ahorro,2
88806,1.0,1127976.516,Coyoacan,viudo/a,939980.43,Ahorro,2
88913,1.0,1043339.544,Cuauhtemoc,soltero/a,869449.62,Ahorro,2
89392,1.0,786686.94,Iztacalco,soltero/a,655572.45,Ahorro,2
89642,1.0,403427.868,Magdalena Contreras,casado/a,336189.89,Ahorro,2
89836,0.0,248139.628,Venustiano Carranza,viudo/a,245682.8,Ahorro,2
90002,1.0,993234.528,Milpa Alta,casado/a,827695.44,Ahorro,2
90011,1.0,627934.776,Iztacalco,soltero/a,523278.98,Ahorro,3
90052,1.0,881530.656,Coyoacan,soltero/a,734608.88,Ahorro,3
90116,1.0,817248.7559999999,Iztapalapa,casado/a,681040.63,Ahorro,2
90216,0.0,669543.0793999999,Alvaro Obregon,soltero/a,662913.94,Ahorro,2
90669,0.0,553668.365,Magdalena Contreras,casado/a,548186.5,Ahorro,2
90989,0.0,291800.2312,Iztapalapa,casado/a,288911.12,Ahorro,2
91018,0.0,286213.37580000004,Iztapalapa,casado/a,283379.58,Ahorro,2
91044,1.0,405919.728,Venustiano Carranza,casado/a,338266.44,Ahorro,2
91116,0.0,637949.4916000001,Miguel Hidalgo,viudo/a,631633.16,Ahorro,2
91569,1.0,78214.632,Venustiano Carranza,soltero/a,65178.86,Ahorro,2
92072,1.0,730912.9319999999,Iztacalco,viudo/a,609094.11,Ahorro,2
92214,0.0,438298.6304,Tlahuac,soltero/a,433959.04,Ahorro,2
92422,1.0,933650.052,Azcapotzalco,viudo/a,778041.71,Ahorro,2
92491,1.0,846057.9600000001,Gustavo A. Madero,soltero/a,705048.3,Ahorro,2
92672,1.0,1156861.116,Milpa Alta,soltero/a,964050.93,Ahorro,2
92863,1.0,555431.82,Miguel Hidalgo,soltero/a,462859.85,Ahorro,2
93062,0.0,352549.10520000005,Venustiano Carranza,viudo/a,349058.52,Ahorro,2
93368,0.0,105561.5943,Azcapotzalco,casado/a,104516.43,Ahorro,2
93920,0.0,919546.7432,Venustiano Carranza,soltero/a,910442.32,Ahorro,2
93937,1.0,149359.464,Benito Juarez,soltero/a,124466.22,Ahorro,2
93942,0.0,101892.8602,Benito Juarez,casado/a,100884.02,Ahorro,2
94133,0.0,230755.5484,Iztacalco,soltero/a,228470.84,Ahorro,2
94262,1.0,1043735.088,Cuajimalpa,viudo/a,869779.24,Ahorro,3
94303,1.0,1178068.464,Tlahuac,casado/a,981723.72,Ahorro,2
94345,1.0,716587.6079999999,Tlahuac,casado/a,597156.34,Ahorro,2
94411,0.0,103417.7784,Miguel Hidalgo,viudo/a,102393.84,Ahorro,2
94924,1.0,885953.7,Gustavo A. Madero,soltero/a,738294.75,Ahorro,2
95016,0.0,17099.491899999997,Magdalena Contreras,soltero/a,16930.19,Ahorro,2
95022,0.0,678140.0681,Alvaro Obregon,casado/a,671425.81,Ahorro,2
95391,0.0,0.0,Alvaro Obregon,casado/a,65603.51,Ahorro,2
95392,0.0,372423.7236,Iztacalco,soltero/a,368736.36,Ahorro,2
95675,0.0,244251.6936,Milpa Alta,soltero/a,241833.36,Ahorro,2
95809,0.0,269766.0409,Tlalpan,viudo/a,267095.09,Ahorro,2
95884,0.0,112071.418,Tlahuac,soltero/a,110961.8,Ahorro,2
96084,0.0,990914.0704,Iztacalco,casado/a,981103.04,Ahorro,2
96140,0.0,914188.976,Tlalpan,viudo/a,905137.6,Ahorro,2
96264,0.0,648672.2576,Xochimilco,casado/a,642249.76,Ahorro,2
96889,0.0,185730.1726,Milpa Alta,soltero/a,183891.26,Ahorro,2
97068,1.0,1159156.08,Benito Juarez,viudo/a,965963.4,Ahorro,2
97205,1.0,544610.94,Cuauhtemoc,soltero/a,453842.45,Ahorro,2
97380,0.0,0.0,Miguel Hidalgo,soltero/a,42090.45,Ahorro,2
97393,0.0,52314.0004,Milpa Alta,viudo/a,51796.04,Ahorro,2
97427,1.0,811977.312,Tlahuac,viudo/a,676647.76,Ahorro,2
97492,0.0,566653.7936,Milpa Alta,casado/a,561043.36,Ahorro,2
98047,1.0,584924.736,Iztapalapa,viudo/a,487437.28,Ahorro,2
98551,0.0,387303.9627,Miguel Hidalgo,casado/a,383469.27,Ahorro,2
98582,1.0,276683.892,Miguel Hidalgo,casado/a,230569.91,Ahorro,2
98648,1.0,255974.112,Tlalpan,casado/a,213311.76,Ahorro,2
98784,0.0,26057.1516,Gustavo A. Madero,soltero/a,25799.16,Ahorro,2
98842,1.0,388808.484,Coyoacan,viudo/a,324007.07,Ahorro,2
98897,1.0,643171.1399999999,Milpa Alta,viudo/a,535975.95,Ahorro,2
99333,0.0,97491.3509,Alvaro Obregon,soltero/a,96526.09,Ahorro,2
99373,1.0,935772.048,Alvaro Obregon,soltero/a,779810.04,Ahorro,2
99688,0.0,129323.43,Gustavo A. Madero,viudo/a,128043.0,Ahorro,2
99870,1.0,267776.244,Gustavo A. Madero,casado/a,223146.87,Ahorro,2
99926,0.0,875155.0919,Tlahuac,casado/a,866490.19,Ahorro,2
99944,0.0,592363.1921,Iztapalapa,soltero/a,586498.21,Ahorro,2
