"id_cliente","saldo_promedio","tipo_cuenta","total_depositos"
122,"808179.520000000000","Ahorro","2"
128,"496120.910000000000","Ahorro","2"
138,"222033.820000000000","Ahorro","3"
369,"338130.850000000000","Ahorro","2"
393,"163640.290000000000","Ahorro","3"
397,"822991.430000000000","Ahorro","2"
410,"301360.310000000000","Ahorro","2"
508,"448224.860000000000","Ahorro","2"
518,"859390.300000000000","Ahorro","2"
547,"284310.670000000000","Ahorro","2"
574,"529770.320000000000","Ahorro","2"
729,"519588.460000000000","Ahorro","2"
777,"155190.650000000000","Ahorro","2"
786,"163628.760000000000","Ahorro","2"
837,"837366.540000000000","Ahorro","2"
857,"457351.080000000000","Ahorro","2"
861,"922767.190000000000","Ahorro","2"
897,"631281.980000000000","Ahorro","2"
900,"210700.280000000000","Ahorro","2"
928,"499569.950000000000","Ahorro","2"
956,"335663.540000000000","Ahorro","2"
1002,"442228.650000000000","Ahorro","2"
1085,"55931.390000000000","Ahorro","2"
1136,"22982.010000000000","Ahorro","2"
1153,"178681.260000000000","Ahorro","2"
1388,"986013.820000000000","Ahorro","2"
1418,"124590.130000000000","Ahorro","2"
1520,"638951.080000000000","Ahorro","2"
1542,"905918.460000000000","Ahorro","2"
1545,"979324.980000000000","Ahorro","2"
1608,"379227.480000000000","Ahorro","2"
1664,"201039.340000000000","Ahorro","2"
1702,"974808.340000000000","Ahorro","2"
1703,"734440.070000000000","Ahorro","2"
1727,"606358.830000000000","Ahorro","2"
1735,"395667.740000000000","Ahorro","3"
1915,"234512.290000000000","Ahorro","2"
2045,"783136.200000000000","Ahorro","2"
2047,"332968.680000000000","Ahorro","2"
2099,"806728.580000000000","Ahorro","2"
2226,"931102.200000000000","Ahorro","2"
2239,"246765.960000000000","Ahorro","3"
2278,"357741.620000000000","Ahorro","2"
2370,"97949.750000000000","Ahorro","2"
2379,"439276.140000000000","Ahorro","2"
2397,"892490.780000000000","Ahorro","2"
2575,"590214.820000000000","Ahorro","2"
2816,"482773.780000000000","Ahorro","2"
3035,"982485.920000000000","Ahorro","2"
3154,"958300.600000000000","Ahorro","2"
3196,"386055.410000000000","Ahorro","2"
3345,"415345.480000000000","Ahorro","2"
3598,"490122.620000000000","Ahorro","3"
3747,"286965.050000000000","Ahorro","2"
3958,"357000.620000000000","Ahorro","2"
3966,"960614.820000000000","Ahorro","2"
4077,"255635.080000000000","Ahorro","2"
4150,"764915.570000000000","Ahorro","2"
4232,"74969.240000000000","Ahorro","2"
4235,"407568.850000000000","Ahorro","2"
4382,"575600.030000000000","Ahorro","2"
4546,"345134.260000000000","Ahorro","3"
4582,"306662.700000000000","Ahorro","2"
4603,"384651.830000000000","Ahorro","2"
4628,"811061.710000000000","Ahorro","2"
4636,"768447.780000000000","Ahorro","2"
4676,"986480.240000000000","Ahorro","3"
4692,"138016.180000000000","Ahorro","2"
4895,"544433.860000000000","Ahorro","2"
4970,"503128.460000000000","Ahorro","2"
5011,"916420.930000000000","Ahorro","2"
5055,"967099.620000000000","Ahorro","2"
5119,"178920.730000000000","Ahorro","2"
5138,"173326.220000000000","Ahorro","3"
5186,"456147.180000000000","Ahorro","2"
5274,"862225.660000000000","Ahorro","2"
5396,"385509.920000000000","Ahorro","2"
5425,"391923.380000000000","Ahorro","2"
5591,"713204.860000000000","Ahorro","2"
5612,"821226.920000000000","Ahorro","2"
5643,"597973.170000000000","Ahorro","2"
5649,"110801.420000000000","Ahorro","2"
5654,"476262.220000000000","Ahorro","2"
5662,"830225.490000000000","Ahorro","2"
5719,"922181.720000000000","Ahorro","2"
5757,"408572.930000000000","Ahorro","2"
5983,"764355.840000000000","Ahorro","2"
6121,"271439.740000000000","Ahorro","2"
6320,"384568.560000000000","Ahorro","3"
6491,"832085.480000000000","Ahorro","2"
6519,"506584.900000000000","Ahorro","2"
6551,"751677.570000000000","Ahorro","2"
6618,"30366.720000000000","Ahorro","2"
6652,"584568.150000000000","Ahorro","2"
6721,"988933.910000000000","Ahorro","2"
6725,"832270.790000000000","Ahorro","2"
6796,"943625.400000000000","Ahorro","2"
6841,"312784.170000000000","Ahorro","2"
7012,"120522.240000000000","Ahorro","2"
7080,"707422.610000000000","Ahorro","2"
7177,"101694.200000000000","Ahorro","2"
7343,"176748.580000000000","Ahorro","2"
7416,"783991.130000000000","Ahorro","2"
7509,"466363.790000000000","Ahorro","2"
7605,"854064.700000000000","Ahorro","2"
7775,"706529.000000000000","Ahorro","2"
8124,"707934.290000000000","Ahorro","2"
8308,"805407.990000000000","Ahorro","2"
8310,"138910.090000000000","Ahorro","2"
8362,"480983.870000000000","Ahorro","2"
8388,"411281.780000000000","Ahorro","2"
8521,"279483.920000000000","Ahorro","2"
8548,"624823.420000000000","Ahorro","2"
8660,"832910.650000000000","Ahorro","3"
8702,"203380.260000000000","Ahorro","2"
8751,"160580.940000000000","Ahorro","2"
8753,"841466.680000000000","Ahorro","2"
8838,"142353.060000000000","Ahorro","2"
8855,"375808.330000000000","Ahorro","2"
9009,"151264.720000000000","Ahorro","2"
9022,"233688.810000000000","Ahorro","2"
9036,"493903.580000000000","Ahorro","2"
9142,"523811.970000000000","Ahorro","2"
9229,"174371.450000000000","Ahorro","2"
9271,"514601.870000000000","Ahorro","2"
9403,"811694.870000000000","Ahorro","2"
9596,"786024.500000000000","Ahorro","2"
9648,"516273.710000000000","Ahorro","2"
9673,"923890.760000000000","Ahorro","2"
9691,"486505.410000000000","Ahorro","2"
9703,"171289.690000000000","Ahorro","2"
9712,"785123.200000000000","Ahorro","2"
9829,"252000.130000000000","Ahorro","2"
9833,"556769.410000000000","Ahorro","2"
9919,"246822.930000000000","Ahorro","2"
10002,"593970.460000000000","Ahorro","2"
10066,"897163.680000000000","Ahorro","2"
10093,"72368.230000000000","Ahorro","2"
10125,"696043.350000000000","Ahorro","2"
10191,"860320.190000000000","Ahorro","2"
10311,"463636.060000000000","Ahorro","2"
10479,"209896.170000000000","Ahorro","2"
10493,"810337.030000000000","Ahorro","2"
10518,"890769.650000000000","Ahorro","2"
10524,"234623.530000000000","Ahorro","2"
10548,"365285.090000000000","Ahorro","2"
10642,"323954.970000000000","Ahorro","2"
10846,"433541.710000000000","Ahorro","2"
10859,"777728.660000000000","Ahorro","2"
10919,"909978.140000000000","Ahorro","2"
10975,"551339.070000000000","Ahorro","2"
10983,"733022.260000000000","Ahorro","2"
10986,"698405.460000000000","Ahorro","2"
11100,"462905.750000000000","Ahorro","2"
11133,"157302.210000000000","Ahorro","2"
11192,"238751.280000000000","Ahorro","2"
11242,"158556.740000000000","Ahorro","2"
11264,"502563.950000000000","Ahorro","2"
11349,"5119.8700000000000000","Ahorro","2"
11406,"97170.060000000000","Ahorro","2"
11432,"935708.270000000000","Ahorro","2"
11563,"627440.730000000000","Ahorro","2"
11714,"948564.540000000000","Ahorro","2"
11736,"994446.210000000000","Ahorro","2"
11764,"555206.470000000000","Ahorro","2"
11778,"676138.370000000000","Ahorro","2"
11874,"372027.870000000000","Ahorro","2"
11884,"437882.640000000000","Ahorro","2"
11906,"201266.430000000000","Ahorro","2"
11995,"985058.480000000000","Ahorro","2"
12012,"596858.330000000000","Ahorro","2"
12197,"466612.390000000000","Ahorro","2"
12210,"198849.100000000000","Ahorro","2"
12353,"256501.800000000000","Ahorro","2"
12547,"399960.870000000000","Ahorro","2"
12567,"803354.730000000000","Ahorro","2"
12631,"881801.050000000000","Ahorro","2"
12675,"473699.540000000000","Ahorro","2"
12719,"252990.660000000000","Ahorro","2"
12823,"38265.790000000000","Ahorro","2"
12846,"80697.810000000000","Ahorro","2"
12928,"153559.670000000000","Ahorro","2"
12931,"580185.210000000000","Ahorro","2"
12966,"60910.410000000000","Ahorro","2"
13038,"935972.700000000000","Ahorro","2"
13062,"532049.980000000000","Ahorro","2"
13192,"600542.140000000000","Ahorro","2"
13299,"310436.410000000000","Ahorro","2"
13339,"855716.250000000000","Ahorro","3"
13389,"956086.560000000000","Ahorro","2"
13421,"670385.320000000000","Ahorro","2"
13424,"140252.960000000000","Ahorro","2"
13561,"635673.720000000000","Ahorro","2"
13599,"6213.7300000000000000","Ahorro","2"
13695,"179421.410000000000","Ahorro","2"
13740,"103782.150000000000","Ahorro","2"
13797,"78834.800000000000","Ahorro","2"
13801,"701724.840000000000","Ahorro","2"
13810,"505939.970000000000","Ahorro","2"
13831,"582646.740000000000","Ahorro","2"
13879,"161130.250000000000","Ahorro","2"
13929,"753658.940000000000","Ahorro","3"
14013,"756302.830000000000","Ahorro","2"
14080,"761440.260000000000","Ahorro","3"
14095,"635992.590000000000","Ahorro","2"
14257,"310706.400000000000","Ahorro","2"
14274,"92194.030000000000","Ahorro","2"
14310,"112808.970000000000","Ahorro","2"
14526,"370740.430000000000","Ahorro","2"
14540,"265662.300000000000","Ahorro","2"
14586,"802743.980000000000","Ahorro","2"
14606,"60770.190000000000","Ahorro","2"
14754,"184503.600000000000","Ahorro","2"
14794,"144329.670000000000","Ahorro","2"
14860,"930629.130000000000","Ahorro","2"
14877,"432495.690000000000","Ahorro","2"
14929,"869176.520000000000","Ahorro","2"
14941,"758467.980000000000","Ahorro","2"
14973,"634444.390000000000","Ahorro","2"
15013,"826168.190000000000","Ahorro","2"
15018,"252044.210000000000","Ahorro","3"
15222,"476262.100000000000","Ahorro","2"
15224,"746431.620000000000","Ahorro","2"
15310,"833794.070000000000","Ahorro","2"
15472,"228774.110000000000","Ahorro","2"
15580,"307763.020000000000","Ahorro","2"
15783,"319243.650000000000","Ahorro","2"
15789,"502298.730000000000","Ahorro","2"
15885,"306385.190000000000","Ahorro","2"
15891,"311199.020000000000","Ahorro","2"
15903,"397968.500000000000","Ahorro","2"
16038,"672429.790000000000","Ahorro","2"
16082,"933736.810000000000","Ahorro","2"
16094,"714403.050000000000","Ahorro","2"
16112,"306119.610000000000","Ahorro","2"
16136,"224841.170000000000","Ahorro","2"
16244,"833679.570000000000","Ahorro","2"
16265,"675401.840000000000","Ahorro","3"
16510,"648214.950000000000","Ahorro","3"
16536,"45305.980000000000","Ahorro","2"
16570,"77368.730000000000","Ahorro","3"
16760,"293660.830000000000","Ahorro","2"
16783,"956542.990000000000","Ahorro","2"
16798,"355455.470000000000","Ahorro","2"
16814,"259599.550000000000","Ahorro","2"
16834,"761442.380000000000","Ahorro","2"
16928,"391706.870000000000","Ahorro","2"
16952,"204959.640000000000","Ahorro","2"
17010,"820898.890000000000","Ahorro","2"
17081,"744697.950000000000","Ahorro","2"
17098,"821074.920000000000","Ahorro","2"
17115,"322677.200000000000","Ahorro","2"
17135,"865427.350000000000","Ahorro","2"
17214,"790616.870000000000","Ahorro","2"
17300,"232927.320000000000","Ahorro","2"
17323,"842402.850000000000","Ahorro","3"
17468,"289556.490000000000","Ahorro","2"
17508,"205141.010000000000","Ahorro","2"
17562,"687984.460000000000","Ahorro","2"
17596,"890435.990000000000","Ahorro","2"
17632,"650228.740000000000","Ahorro","2"
17706,"571797.560000000000","Ahorro","2"
17869,"197320.870000000000","Ahorro","2"
17879,"525823.160000000000","Ahorro","3"
17931,"123082.890000000000","Ahorro","2"
17934,"973406.850000000000","Ahorro","2"
17961,"620944.750000000000","Ahorro","2"
17971,"528848.600000000000","Ahorro","2"
18009,"820278.470000000000","Ahorro","2"
18031,"827268.160000000000","Ahorro","2"
18041,"330819.560000000000","Ahorro","2"
18080,"909006.780000000000","Ahorro","2"
18395,"132698.650000000000","Ahorro","2"
18476,"511190.330000000000","Ahorro","2"
18571,"643649.970000000000","Ahorro","2"
18650,"605806.540000000000","Ahorro","2"
18651,"955401.980000000000","Ahorro","2"
18698,"757716.860000000000","Ahorro","2"
18801,"8393.3000000000000000","Ahorro","2"
18836,"335984.120000000000","Ahorro","2"
19007,"820489.380000000000","Ahorro","3"
19186,"314514.320000000000","Ahorro","2"
19214,"926957.040000000000","Ahorro","3"
19335,"532395.110000000000","Ahorro","2"
19353,"200453.920000000000","Ahorro","2"
19494,"226693.920000000000","Ahorro","2"
19586,"777731.610000000000","Ahorro","2"
19713,"99840.680000000000","Ahorro","2"
19864,"474155.890000000000","Ahorro","2"
19903,"354842.310000000000","Ahorro","2"
19904,"489901.530000000000","Ahorro","2"
19954,"972764.070000000000","Ahorro","2"
19975,"368701.560000000000","Ahorro","2"
20219,"645138.670000000000","Ahorro","2"
20261,"922692.420000000000","Ahorro","2"
20296,"243999.560000000000","Ahorro","2"
20306,"259186.610000000000","Ahorro","2"
20347,"245154.490000000000","Ahorro","2"
20397,"780990.160000000000","Ahorro","2"
20478,"806599.080000000000","Ahorro","2"
20499,"740765.940000000000","Ahorro","2"
20582,"896692.980000000000","Ahorro","2"
20650,"410497.170000000000","Ahorro","2"
20850,"314631.780000000000","Ahorro","2"
20925,"728024.670000000000","Ahorro","2"
20954,"515217.620000000000","Ahorro","2"
21093,"382124.850000000000","Ahorro","2"
21206,"510906.790000000000","Ahorro","2"
21209,"49154.570000000000","Ahorro","2"
21254,"92074.380000000000","Ahorro","2"
21269,"138216.270000000000","Ahorro","2"
21309,"918315.260000000000","Ahorro","2"
21471,"526801.970000000000","Ahorro","2"
21472,"252298.420000000000","Ahorro","2"
21512,"601167.530000000000","Ahorro","2"
21560,"290702.530000000000","Ahorro","2"
21589,"286682.310000000000","Ahorro","2"
21601,"646721.690000000000","Ahorro","2"
21602,"325018.090000000000","Ahorro","2"
21651,"692380.800000000000","Ahorro","2"
21677,"490485.710000000000","Ahorro","2"
21685,"709926.620000000000","Ahorro","2"
21700,"843186.020000000000","Ahorro","2"
21714,"858073.000000000000","Ahorro","2"
21727,"457400.820000000000","Ahorro","2"
21733,"421897.760000000000","Ahorro","2"
21750,"214134.040000000000","Ahorro","2"
21793,"703894.380000000000","Ahorro","2"
21799,"812283.370000000000","Ahorro","2"
21888,"83002.490000000000","Ahorro","2"
22176,"106658.290000000000","Ahorro","2"
22183,"619150.300000000000","Ahorro","2"
22200,"865945.450000000000","Ahorro","2"
22229,"84599.990000000000","Ahorro","2"
22251,"840213.420000000000","Ahorro","2"
22259,"107211.310000000000","Ahorro","2"
22265,"974603.130000000000","Ahorro","3"
22304,"945359.630000000000","Ahorro","3"
22349,"363179.090000000000","Ahorro","2"
22350,"604281.430000000000","Ahorro","2"
22425,"936853.460000000000","Ahorro","2"
22499,"860286.380000000000","Ahorro","2"
22612,"783947.070000000000","Ahorro","2"
22671,"12582.3200000000000000","Ahorro","2"
22705,"348389.370000000000","Ahorro","2"
22818,"382655.270000000000","Ahorro","3"
22851,"500335.830000000000","Ahorro","2"
22945,"413836.960000000000","Ahorro","2"
23281,"28356.690000000000","Ahorro","2"
23399,"482935.360000000000","Ahorro","3"
23538,"863100.320000000000","Ahorro","2"
23585,"225036.550000000000","Ahorro","2"
23716,"770523.030000000000","Ahorro","2"
23717,"97263.720000000000","Ahorro","2"
23806,"568252.300000000000","Ahorro","2"
23978,"349185.460000000000","Ahorro","3"
24074,"597897.420000000000","Ahorro","2"
24120,"572276.500000000000","Ahorro","2"
24133,"3754.7200000000000000","Ahorro","2"
24185,"794267.450000000000","Ahorro","2"
24434,"473706.180000000000","Ahorro","2"
24506,"116756.920000000000","Ahorro","3"
24533,"136054.150000000000","Ahorro","2"
24564,"802051.880000000000","Ahorro","2"
24636,"256822.780000000000","Ahorro","2"
24778,"708261.240000000000","Ahorro","2"
24850,"637632.250000000000","Ahorro","2"
25007,"779378.430000000000","Ahorro","2"
25025,"232043.730000000000","Ahorro","2"
25058,"266457.550000000000","Ahorro","2"
25155,"149556.620000000000","Ahorro","3"
25212,"149336.580000000000","Ahorro","2"
25249,"312408.120000000000","Ahorro","2"
25265,"353171.640000000000","Ahorro","2"
25423,"704417.420000000000","Ahorro","2"
25472,"48836.960000000000","Ahorro","2"
25509,"515645.300000000000","Ahorro","2"
25570,"410558.610000000000","Ahorro","2"
25575,"236908.720000000000","Ahorro","2"
25582,"139516.530000000000","Ahorro","2"
25584,"944431.220000000000","Ahorro","2"
25602,"791723.800000000000","Ahorro","2"
25806,"553347.750000000000","Ahorro","3"
25913,"678016.710000000000","Ahorro","2"
25930,"233603.680000000000","Ahorro","2"
26036,"942854.110000000000","Ahorro","2"
26065,"610740.070000000000","Ahorro","2"
26235,"93289.140000000000","Ahorro","2"
26299,"908831.220000000000","Ahorro","2"
26385,"595739.180000000000","Ahorro","2"
26560,"32915.890000000000","Ahorro","2"
26576,"863254.780000000000","Ahorro","3"
26791,"893761.110000000000","Ahorro","2"
26872,"670992.840000000000","Ahorro","2"
26921,"8783.1200000000000000","Ahorro","2"
26926,"883662.720000000000","Ahorro","2"
26927,"90729.870000000000","Ahorro","2"
27012,"525961.170000000000","Ahorro","3"
27031,"602449.760000000000","Ahorro","2"
27038,"507482.530000000000","Ahorro","3"
27052,"133739.890000000000","Ahorro","2"
27116,"763682.030000000000","Ahorro","2"
27141,"876273.810000000000","Ahorro","3"
27217,"507962.020000000000","Ahorro","2"
27267,"82544.230000000000","Ahorro","2"
27286,"733969.000000000000","Ahorro","2"
27420,"824205.360000000000","Ahorro","2"
27441,"114959.880000000000","Ahorro","3"
27496,"366698.020000000000","Ahorro","2"
27679,"621803.380000000000","Ahorro","2"
27718,"194809.540000000000","Ahorro","2"
27858,"988984.470000000000","Ahorro","3"
27923,"5503.2700000000000000","Ahorro","2"
27945,"228164.040000000000","Ahorro","2"
27966,"754299.050000000000","Ahorro","2"
28052,"315283.360000000000","Ahorro","2"
28094,"714275.060000000000","Ahorro","2"
28415,"610686.860000000000","Ahorro","2"
28440,"242477.760000000000","Ahorro","2"
28462,"585932.070000000000","Ahorro","2"
28594,"623402.090000000000","Ahorro","3"
28605,"561438.030000000000","Ahorro","2"
28627,"890168.990000000000","Ahorro","2"
28683,"511675.930000000000","Ahorro","2"
28702,"738349.420000000000","Ahorro","3"
28734,"819158.460000000000","Ahorro","2"
28833,"179299.250000000000","Ahorro","2"
28887,"731493.270000000000","Ahorro","2"
28907,"203258.040000000000","Ahorro","2"
29018,"730328.720000000000","Ahorro","2"
29233,"294072.470000000000","Ahorro","3"
29250,"34571.690000000000","Ahorro","2"
29267,"407845.320000000000","Ahorro","2"
29386,"361546.010000000000","Ahorro","2"
29462,"998801.610000000000","Ahorro","2"
29497,"826775.310000000000","Ahorro","2"
29529,"710774.080000000000","Ahorro","2"
29570,"203524.660000000000","Ahorro","2"
29643,"199678.230000000000","Ahorro","2"
29810,"985531.490000000000","Ahorro","3"
29831,"983893.090000000000","Ahorro","2"
29928,"768737.720000000000","Ahorro","2"
30146,"294890.710000000000","Ahorro","2"
30190,"701825.340000000000","Ahorro","2"
30209,"101128.750000000000","Ahorro","2"
30556,"605204.290000000000","Ahorro","2"
30604,"667994.600000000000","Ahorro","2"
30665,"710597.280000000000","Ahorro","2"
30684,"877200.440000000000","Ahorro","2"
30708,"425785.330000000000","Ahorro","2"
30710,"161826.440000000000","Ahorro","2"
30794,"148486.480000000000","Ahorro","2"
30991,"414070.020000000000","Ahorro","2"
31065,"212522.410000000000","Ahorro","2"
31097,"211280.260000000000","Ahorro","2"
31124,"990856.310000000000","Ahorro","2"
31307,"308434.040000000000","Ahorro","2"
31312,"676275.750000000000","Ahorro","2"
31318,"150136.580000000000","Ahorro","2"
31324,"176072.240000000000","Ahorro","2"
31386,"68113.890000000000","Ahorro","2"
31462,"61052.610000000000","Ahorro","2"
31522,"276473.180000000000","Ahorro","2"
31766,"322060.310000000000","Ahorro","2"
31782,"45676.300000000000","Ahorro","2"
31832,"191730.760000000000","Ahorro","2"
31843,"520615.640000000000","Ahorro","2"
32075,"966167.960000000000","Ahorro","2"
32206,"680050.010000000000","Ahorro","2"
32435,"371010.800000000000","Ahorro","2"
32517,"733374.230000000000","Ahorro","2"
32558,"989894.830000000000","Ahorro","2"
32658,"507791.150000000000","Ahorro","2"
32688,"508626.230000000000","Ahorro","2"
32767,"727247.080000000000","Ahorro","2"
32782,"357229.700000000000","Ahorro","2"
32918,"90570.150000000000","Ahorro","2"
33001,"347148.800000000000","Ahorro","2"
33057,"69015.310000000000","Ahorro","3"
33176,"263204.290000000000","Ahorro","2"
33299,"591871.120000000000","Ahorro","3"
33340,"239929.310000000000","Ahorro","2"
33374,"545024.090000000000","Ahorro","2"
33410,"116559.670000000000","Ahorro","2"
33426,"308913.380000000000","Ahorro","2"
33450,"911618.630000000000","Ahorro","2"
33533,"549790.850000000000","Ahorro","3"
33554,"578402.790000000000","Ahorro","2"
33575,"961283.710000000000","Ahorro","2"
33691,"618392.420000000000","Ahorro","2"
34020,"4093.8000000000000000","Ahorro","2"
34177,"347044.160000000000","Ahorro","2"
34194,"987960.600000000000","Ahorro","2"
34339,"848891.710000000000","Ahorro","2"
34609,"814735.120000000000","Ahorro","4"
34641,"901803.360000000000","Ahorro","2"
34653,"258575.700000000000","Ahorro","2"
34747,"946566.380000000000","Ahorro","3"
34773,"929730.550000000000","Ahorro","3"
34813,"218656.580000000000","Ahorro","2"
34841,"415458.970000000000","Ahorro","2"
34890,"165556.350000000000","Ahorro","2"
34999,"698384.530000000000","Ahorro","2"
35022,"940194.210000000000","Ahorro","2"
35040,"179781.240000000000","Ahorro","2"
35125,"823231.240000000000","Ahorro","2"
35179,"43814.410000000000","Ahorro","2"
35196,"921043.190000000000","Ahorro","2"
35206,"278937.840000000000","Ahorro","2"
35247,"289707.760000000000","Ahorro","2"
35251,"700150.650000000000","Ahorro","2"
35318,"561208.910000000000","Ahorro","2"
35389,"977005.470000000000","Ahorro","2"
35397,"765049.190000000000","Ahorro","2"
35461,"508957.410000000000","Ahorro","2"
35581,"202366.810000000000","Ahorro","2"
35625,"485875.790000000000","Ahorro","2"
35668,"615206.650000000000","Ahorro","2"
35849,"906749.930000000000","Ahorro","2"
35955,"53821.250000000000","Ahorro","2"
36018,"292446.370000000000","Ahorro","2"
36103,"67396.940000000000","Ahorro","2"
36209,"484750.350000000000","Ahorro","2"
36227,"80909.420000000000","Ahorro","2"
36231,"96204.030000000000","Ahorro","2"
36386,"397696.100000000000","Ahorro","2"
36557,"239020.910000000000","Ahorro","2"
36587,"144419.470000000000","Ahorro","2"
36591,"55574.130000000000","Ahorro","2"
36593,"89784.670000000000","Ahorro","2"
36770,"709841.120000000000","Ahorro","2"
36791,"480122.120000000000","Ahorro","3"
36918,"26606.950000000000","Ahorro","2"
37001,"740313.840000000000","Ahorro","2"
37035,"423158.380000000000","Ahorro","2"
37198,"34074.260000000000","Ahorro","2"
37277,"595373.090000000000","Ahorro","2"
37280,"92091.050000000000","Ahorro","2"
37319,"63797.990000000000","Ahorro","3"
37392,"87409.770000000000","Ahorro","2"
37468,"678562.520000000000","Ahorro","2"
37542,"935165.760000000000","Ahorro","2"
37592,"912838.110000000000","Ahorro","2"
37666,"920823.620000000000","Ahorro","2"
37692,"395008.220000000000","Ahorro","2"
37700,"443257.170000000000","Ahorro","2"
37735,"261965.220000000000","Ahorro","3"
37802,"41067.740000000000","Ahorro","2"
37827,"487280.130000000000","Ahorro","2"
37868,"188448.070000000000","Ahorro","2"
37888,"501891.860000000000","Ahorro","2"
37909,"261835.660000000000","Ahorro","2"
37931,"120959.740000000000","Ahorro","3"
37982,"716930.740000000000","Ahorro","3"
37988,"554608.190000000000","Ahorro","2"
38035,"32171.450000000000","Ahorro","2"
38059,"992624.600000000000","Ahorro","2"
38327,"959917.100000000000","Ahorro","2"
38338,"682320.290000000000","Ahorro","2"
38408,"194129.010000000000","Ahorro","2"
38464,"594914.050000000000","Ahorro","2"
38547,"39794.100000000000","Ahorro","2"
38621,"417864.220000000000","Ahorro","2"
38639,"69946.770000000000","Ahorro","2"
38735,"629007.170000000000","Ahorro","3"
38759,"738575.570000000000","Ahorro","2"
39226,"39793.030000000000","Ahorro","2"
39251,"715037.080000000000","Ahorro","2"
39260,"685026.440000000000","Ahorro","2"
39346,"635894.500000000000","Ahorro","2"
39387,"501646.660000000000","Ahorro","2"
39419,"373502.010000000000","Ahorro","2"
39483,"134034.360000000000","Ahorro","2"
39502,"983659.380000000000","Ahorro","2"
39541,"34576.620000000000","Ahorro","2"
39550,"793612.960000000000","Ahorro","2"
39692,"422457.510000000000","Ahorro","2"
39758,"23836.080000000000","Ahorro","2"
39784,"520962.680000000000","Ahorro","2"
39813,"63644.670000000000","Ahorro","2"
39840,"281824.670000000000","Ahorro","2"
39866,"124793.450000000000","Ahorro","2"
39886,"694571.520000000000","Ahorro","2"
40052,"332678.690000000000","Ahorro","2"
40067,"774711.410000000000","Ahorro","2"
40072,"967888.770000000000","Ahorro","2"
40075,"319726.440000000000","Ahorro","2"
40101,"473000.180000000000","Ahorro","3"
40376,"217425.530000000000","Ahorro","2"
40384,"599059.890000000000","Ahorro","2"
40481,"555534.410000000000","Ahorro","2"
40538,"456549.290000000000","Ahorro","2"
40591,"516720.120000000000","Ahorro","2"
40681,"206519.450000000000","Ahorro","2"
40804,"650338.020000000000","Ahorro","2"
40822,"634933.900000000000","Ahorro","2"
40880,"774356.140000000000","Ahorro","2"
40916,"528775.400000000000","Ahorro","3"
40945,"341605.460000000000","Ahorro","2"
41217,"205775.150000000000","Ahorro","2"
41237,"242924.150000000000","Ahorro","2"
41316,"297429.760000000000","Ahorro","2"
41345,"639461.800000000000","Ahorro","3"
41552,"628397.270000000000","Ahorro","2"
41572,"141325.790000000000","Ahorro","2"
41669,"82639.270000000000","Ahorro","2"
41686,"950068.460000000000","Ahorro","2"
41702,"922435.420000000000","Ahorro","2"
41704,"938660.330000000000","Ahorro","2"
41723,"48342.900000000000","Ahorro","2"
41734,"451456.390000000000","Ahorro","2"
41829,"664294.180000000000","Ahorro","3"
41956,"358592.840000000000","Ahorro","2"
41962,"824267.580000000000","Ahorro","2"
42007,"65964.180000000000","Ahorro","2"
42097,"789166.600000000000","Ahorro","2"
42106,"566441.230000000000","Ahorro","2"
42136,"350354.290000000000","Ahorro","2"
42312,"668920.000000000000","Ahorro","2"
42454,"849076.770000000000","Ahorro","2"
42491,"110675.120000000000","Ahorro","2"
42493,"821223.550000000000","Ahorro","2"
42559,"944382.580000000000","Ahorro","2"
42563,"977501.620000000000","Ahorro","2"
42694,"907606.290000000000","Ahorro","2"
42709,"615831.930000000000","Ahorro","2"
42729,"525354.610000000000","Ahorro","2"
42730,"857327.710000000000","Ahorro","2"
42739,"519415.570000000000","Ahorro","2"
42762,"749312.490000000000","Ahorro","2"
42783,"47755.920000000000","Ahorro","3"
43014,"100634.610000000000","Ahorro","2"
43168,"751247.480000000000","Ahorro","2"
43249,"951242.720000000000","Ahorro","2"
43316,"211420.210000000000","Ahorro","2"
43427,"37176.490000000000","Ahorro","2"
43515,"421836.990000000000","Ahorro","2"
43738,"535353.260000000000","Ahorro","2"
43758,"567640.590000000000","Ahorro","2"
43803,"514197.100000000000","Ahorro","2"
43811,"380737.960000000000","Ahorro","2"
43840,"73983.470000000000","Ahorro","2"
43857,"890342.380000000000","Ahorro","2"
43992,"391882.260000000000","Ahorro","2"
44020,"344578.000000000000","Ahorro","2"
44122,"987438.730000000000","Ahorro","3"
44381,"120177.210000000000","Ahorro","2"
44398,"460682.980000000000","Ahorro","2"
44403,"739753.360000000000","Ahorro","2"
44429,"236608.370000000000","Ahorro","3"
44458,"808789.930000000000","Ahorro","2"
44463,"799908.060000000000","Ahorro","2"
44519,"124120.260000000000","Ahorro","2"
44582,"420278.490000000000","Ahorro","2"
44724,"905842.300000000000","Ahorro","2"
44805,"30899.770000000000","Ahorro","2"
44822,"447168.130000000000","Ahorro","2"
44880,"153354.650000000000","Ahorro","2"
44902,"802391.500000000000","Ahorro","2"
44908,"192416.820000000000","Ahorro","3"
44994,"222056.230000000000","Ahorro","2"
45016,"176755.200000000000","Ahorro","2"
45092,"993541.310000000000","Ahorro","3"
45098,"88193.880000000000","Ahorro","2"
45132,"694528.220000000000","Ahorro","2"
45187,"821789.290000000000","Ahorro","2"
45510,"255322.140000000000","Ahorro","2"
45557,"414921.400000000000","Ahorro","2"
45606,"821692.540000000000","Ahorro","2"
45623,"552006.200000000000","Ahorro","2"
45641,"483648.610000000000","Ahorro","2"
45703,"30731.610000000000","Ahorro","2"
45705,"417964.620000000000","Ahorro","2"
45803,"756489.590000000000","Ahorro","2"
45845,"842920.170000000000","Ahorro","2"
45884,"651288.550000000000","Ahorro","3"
45889,"525075.620000000000","Ahorro","2"
46006,"655509.970000000000","Ahorro","2"
46024,"513773.750000000000","Ahorro","2"
46065,"100674.200000000000","Ahorro","2"
46069,"869531.860000000000","Ahorro","2"
46163,"948002.720000000000","Ahorro","2"
46169,"817001.080000000000","Ahorro","2"
46428,"4835.7800000000000000","Ahorro","2"
46643,"276214.970000000000","Ahorro","2"
46688,"260022.910000000000","Ahorro","2"
46740,"736853.930000000000","Ahorro","2"
46759,"411006.000000000000","Ahorro","3"
46826,"189684.920000000000","Ahorro","3"
46881,"925443.190000000000","Ahorro","2"
46888,"239827.360000000000","Ahorro","2"
47061,"832556.390000000000","Ahorro","2"
47169,"493419.040000000000","Ahorro","2"
47252,"606101.960000000000","Ahorro","2"
47586,"440431.140000000000","Ahorro","2"
47675,"565731.480000000000","Ahorro","2"
47789,"793217.780000000000","Ahorro","2"
47792,"310531.400000000000","Ahorro","2"
47940,"727345.340000000000","Ahorro","2"
47941,"400531.140000000000","Ahorro","2"
47986,"260529.080000000000","Ahorro","2"
48110,"115841.790000000000","Ahorro","2"
48357,"759858.490000000000","Ahorro","2"
48603,"463791.070000000000","Ahorro","2"
48708,"357171.330000000000","Ahorro","4"
48935,"402991.940000000000","Ahorro","2"
48950,"468651.790000000000","Ahorro","2"
48952,"580493.190000000000","Ahorro","2"
48974,"51790.760000000000","Ahorro","2"
49053,"907217.200000000000","Ahorro","2"
49087,"833940.140000000000","Ahorro","2"
49109,"655447.910000000000","Ahorro","2"
49389,"219597.690000000000","Ahorro","2"
49491,"604882.750000000000","Ahorro","3"
49572,"454998.340000000000","Ahorro","2"
49680,"263304.350000000000","Ahorro","2"
49688,"887434.110000000000","Ahorro","3"
49796,"863187.810000000000","Ahorro","2"
49862,"161236.200000000000","Ahorro","2"
49875,"32385.640000000000","Ahorro","2"
49929,"571396.300000000000","Ahorro","2"
50121,"798619.330000000000","Ahorro","2"
50154,"792189.930000000000","Ahorro","2"
50160,"111080.420000000000","Ahorro","3"
50258,"116251.370000000000","Ahorro","3"
50298,"503933.190000000000","Ahorro","2"
50392,"403503.360000000000","Ahorro","2"
50760,"964783.390000000000","Ahorro","2"
50905,"653457.940000000000","Ahorro","2"
50938,"18569.830000000000","Ahorro","2"
51043,"780879.240000000000","Ahorro","2"
51103,"24153.730000000000","Ahorro","3"
51161,"593616.140000000000","Ahorro","2"
51260,"736398.820000000000","Ahorro","2"
51274,"700693.040000000000","Ahorro","2"
51432,"332263.460000000000","Ahorro","2"
51440,"157207.140000000000","Ahorro","2"
51460,"527133.490000000000","Ahorro","2"
51482,"677752.480000000000","Ahorro","2"
51533,"271829.320000000000","Ahorro","2"
51557,"228242.140000000000","Ahorro","2"
51770,"906195.200000000000","Ahorro","2"
51995,"653481.790000000000","Ahorro","2"
52114,"789867.120000000000","Ahorro","2"
52127,"579536.230000000000","Ahorro","3"
52180,"429858.970000000000","Ahorro","2"
52218,"593879.040000000000","Ahorro","2"
52280,"488002.110000000000","Ahorro","3"
52372,"342576.940000000000","Ahorro","2"
52374,"726026.680000000000","Ahorro","2"
52401,"21547.030000000000","Ahorro","2"
52463,"321407.610000000000","Ahorro","2"
52664,"595252.920000000000","Ahorro","2"
52691,"333049.690000000000","Ahorro","2"
52776,"463145.160000000000","Ahorro","2"
52871,"420621.730000000000","Ahorro","2"
53174,"633019.550000000000","Ahorro","2"
53219,"950254.740000000000","Ahorro","3"
53270,"400241.680000000000","Ahorro","2"
53272,"175220.660000000000","Ahorro","2"
53279,"831966.360000000000","Ahorro","2"
53367,"682731.760000000000","Ahorro","2"
53370,"872049.280000000000","Ahorro","2"
53403,"640547.330000000000","Ahorro","2"
53489,"802565.540000000000","Ahorro","2"
53503,"530245.670000000000","Ahorro","2"
53604,"210123.400000000000","Ahorro","2"
53631,"559163.360000000000","Ahorro","2"
53659,"43871.760000000000","Ahorro","2"
53747,"249303.920000000000","Ahorro","2"
53843,"284995.950000000000","Ahorro","2"
53872,"775727.950000000000","Ahorro","2"
53892,"251742.770000000000","Ahorro","2"
54055,"883530.790000000000","Ahorro","2"
54161,"865904.930000000000","Ahorro","2"
54165,"84275.700000000000","Ahorro","2"
54192,"590751.620000000000","Ahorro","2"
54194,"174672.270000000000","Ahorro","2"
54276,"438267.840000000000","Ahorro","2"
54280,"675738.760000000000","Ahorro","2"
54333,"909402.620000000000","Ahorro","2"
54421,"769221.970000000000","Ahorro","2"
54429,"835837.630000000000","Ahorro","3"
54514,"278197.510000000000","Ahorro","2"
54690,"175268.890000000000","Ahorro","2"
54718,"971198.640000000000","Ahorro","2"
54795,"702925.820000000000","Ahorro","2"
54952,"852172.960000000000","Ahorro","2"
55034,"881542.420000000000","Ahorro","2"
55045,"959314.230000000000","Ahorro","2"
55075,"389206.650000000000","Ahorro","3"
55092,"63538.550000000000","Ahorro","2"
55171,"836945.690000000000","Ahorro","2"
55185,"11139.8700000000000000","Ahorro","2"
55238,"337480.680000000000","Ahorro","2"
55336,"469434.390000000000","Ahorro","2"
55352,"310897.930000000000","Ahorro","3"
55391,"683602.140000000000","Ahorro","2"
55489,"632926.760000000000","Ahorro","2"
55562,"640901.080000000000","Ahorro","2"
55592,"764324.000000000000","Ahorro","2"
55618,"829665.060000000000","Ahorro","2"
55689,"501089.820000000000","Ahorro","2"
55778,"505702.980000000000","Ahorro","2"
55925,"168505.680000000000","Ahorro","2"
55932,"903258.630000000000","Ahorro","2"
55950,"946452.880000000000","Ahorro","2"
56003,"245510.950000000000","Ahorro","2"
56022,"516341.800000000000","Ahorro","3"
56075,"288254.100000000000","Ahorro","2"
56152,"893717.520000000000","Ahorro","2"
56224,"570749.000000000000","Ahorro","2"
56229,"545569.460000000000","Ahorro","2"
56268,"695225.560000000000","Ahorro","2"
56389,"898633.500000000000","Ahorro","2"
56407,"76171.470000000000","Ahorro","2"
56524,"536275.710000000000","Ahorro","2"
56646,"816525.160000000000","Ahorro","2"
56707,"996608.950000000000","Ahorro","2"
56724,"635152.390000000000","Ahorro","3"
56739,"638492.390000000000","Ahorro","2"
57042,"840616.570000000000","Ahorro","2"
57049,"742489.520000000000","Ahorro","2"
57129,"897960.320000000000","Ahorro","2"
57164,"682688.950000000000","Ahorro","2"
57187,"952834.180000000000","Ahorro","2"
57220,"172605.520000000000","Ahorro","2"
57239,"811595.850000000000","Ahorro","2"
57255,"443147.170000000000","Ahorro","2"
57270,"766668.970000000000","Ahorro","3"
57416,"416864.920000000000","Ahorro","2"
57563,"502721.330000000000","Ahorro","2"
57577,"922983.970000000000","Ahorro","2"
57605,"571392.380000000000","Ahorro","2"
57640,"391840.260000000000","Ahorro","2"
57642,"712555.970000000000","Ahorro","2"
57737,"245334.340000000000","Ahorro","2"
57756,"988245.090000000000","Ahorro","2"
57794,"946009.270000000000","Ahorro","2"
57801,"481728.530000000000","Ahorro","2"
58085,"544577.480000000000","Ahorro","2"
58107,"273792.830000000000","Ahorro","2"
58244,"715021.600000000000","Ahorro","2"
58294,"260995.580000000000","Ahorro","2"
58298,"268448.240000000000","Ahorro","2"
58309,"436841.230000000000","Ahorro","2"
58370,"539564.670000000000","Ahorro","2"
58443,"898177.390000000000","Ahorro","2"
58557,"753557.090000000000","Ahorro","2"
58615,"165744.070000000000","Ahorro","2"
58692,"841727.230000000000","Ahorro","2"
58803,"397595.710000000000","Ahorro","3"
58809,"36152.080000000000","Ahorro","2"
58859,"773644.110000000000","Ahorro","2"
58949,"196774.190000000000","Ahorro","2"
59025,"210716.300000000000","Ahorro","2"
59089,"824461.720000000000","Ahorro","2"
59139,"173986.990000000000","Ahorro","2"
59149,"936207.630000000000","Ahorro","2"
59168,"770463.380000000000","Ahorro","2"
59283,"256718.180000000000","Ahorro","3"
59373,"937090.960000000000","Ahorro","2"
59379,"694791.590000000000","Ahorro","2"
59418,"487089.670000000000","Ahorro","2"
59466,"122872.090000000000","Ahorro","2"
59480,"444816.120000000000","Ahorro","2"
59514,"831023.250000000000","Ahorro","2"
59542,"581162.740000000000","Ahorro","2"
59571,"643245.400000000000","Ahorro","2"
59708,"47310.140000000000","Ahorro","3"
59928,"434210.410000000000","Ahorro","2"
60000,"765987.690000000000","Ahorro","2"
60010,"33271.350000000000","Ahorro","2"
60090,"361322.640000000000","Ahorro","2"
60194,"456827.100000000000","Ahorro","2"
60198,"566416.830000000000","Ahorro","2"
60205,"703269.250000000000","Ahorro","3"
60226,"270602.910000000000","Ahorro","3"
60270,"272172.700000000000","Ahorro","3"
60435,"279293.480000000000","Ahorro","2"
60462,"877937.170000000000","Ahorro","2"
60467,"850834.780000000000","Ahorro","2"
60565,"422229.670000000000","Ahorro","2"
60643,"259211.950000000000","Ahorro","2"
60658,"754845.390000000000","Ahorro","2"
60777,"742477.070000000000","Ahorro","2"
60831,"239293.370000000000","Ahorro","2"
61059,"623837.590000000000","Ahorro","2"
61099,"126625.800000000000","Ahorro","2"
61147,"102047.290000000000","Ahorro","2"
61303,"774575.370000000000","Ahorro","2"
61315,"143186.130000000000","Ahorro","2"
61497,"168145.730000000000","Ahorro","2"
61521,"294993.700000000000","Ahorro","2"
61529,"329072.920000000000","Ahorro","2"
61546,"47964.600000000000","Ahorro","2"
61645,"914467.010000000000","Ahorro","2"
61670,"208122.050000000000","Ahorro","2"
61701,"229101.690000000000","Ahorro","3"
61705,"136852.660000000000","Ahorro","2"
61731,"596898.930000000000","Ahorro","2"
61864,"618062.000000000000","Ahorro","2"
61908,"640900.130000000000","Ahorro","2"
61920,"950584.010000000000","Ahorro","2"
61941,"246260.960000000000","Ahorro","2"
61955,"507664.580000000000","Ahorro","2"
61985,"769933.500000000000","Ahorro","2"
62025,"238678.600000000000","Ahorro","2"
62080,"75588.510000000000","Ahorro","2"
62098,"946589.440000000000","Ahorro","2"
62105,"609178.050000000000","Ahorro","2"
62175,"937828.570000000000","Ahorro","2"
62224,"935489.790000000000","Ahorro","2"
62338,"964733.920000000000","Ahorro","2"
62365,"363815.810000000000","Ahorro","2"
62387,"200696.460000000000","Ahorro","2"
62417,"37093.680000000000","Ahorro","2"
62569,"288347.730000000000","Ahorro","2"
62638,"476549.850000000000","Ahorro","2"
62688,"956928.950000000000","Ahorro","2"
62751,"471116.380000000000","Ahorro","2"
62752,"326584.360000000000","Ahorro","2"
62754,"27796.790000000000","Ahorro","2"
62772,"683646.170000000000","Ahorro","2"
62820,"978746.000000000000","Ahorro","2"
62854,"610599.610000000000","Ahorro","2"
62874,"325598.390000000000","Ahorro","2"
62927,"307494.990000000000","Ahorro","2"
62976,"531995.690000000000","Ahorro","2"
62981,"245674.270000000000","Ahorro","2"
63028,"815492.650000000000","Ahorro","2"
63057,"312900.290000000000","Ahorro","2"
63079,"104501.160000000000","Ahorro","2"
63084,"968050.340000000000","Ahorro","2"
63134,"93476.810000000000","Ahorro","2"
63149,"209174.330000000000","Ahorro","2"
63156,"480304.170000000000","Ahorro","2"
63165,"544493.110000000000","Ahorro","2"
63266,"3178.0200000000000000","Ahorro","2"
63287,"693746.470000000000","Ahorro","3"
63347,"64562.650000000000","Ahorro","2"
63401,"80546.390000000000","Ahorro","2"
63438,"54322.260000000000","Ahorro","3"
63546,"255481.850000000000","Ahorro","2"
63549,"488971.510000000000","Ahorro","2"
63571,"576596.410000000000","Ahorro","2"
63641,"92784.160000000000","Ahorro","2"
63673,"751472.440000000000","Ahorro","3"
63772,"162000.710000000000","Ahorro","2"
63777,"561458.450000000000","Ahorro","2"
63851,"669543.180000000000","Ahorro","2"
63901,"993081.260000000000","Ahorro","2"
63915,"847459.910000000000","Ahorro","2"
64049,"892533.730000000000","Ahorro","2"
64115,"259390.730000000000","Ahorro","2"
64173,"879017.850000000000","Ahorro","2"
64230,"652729.810000000000","Ahorro","3"
64267,"573179.830000000000","Ahorro","2"
64289,"140097.220000000000","Ahorro","2"
64346,"169824.380000000000","Ahorro","2"
64512,"902815.520000000000","Ahorro","3"
64639,"430003.450000000000","Ahorro","2"
64823,"173150.540000000000","Ahorro","2"
64966,"157419.570000000000","Ahorro","2"
65035,"210509.870000000000","Ahorro","2"
65210,"846088.510000000000","Ahorro","2"
65217,"834061.330000000000","Ahorro","2"
65270,"766930.680000000000","Ahorro","2"
65280,"54939.060000000000","Ahorro","2"
65324,"115334.360000000000","Ahorro","2"
65380,"250327.700000000000","Ahorro","2"
65456,"224407.970000000000","Ahorro","2"
65529,"566265.200000000000","Ahorro","2"
65564,"715356.190000000000","Ahorro","2"
65676,"869921.050000000000","Ahorro","2"
65925,"537374.560000000000","Ahorro","2"
65928,"556946.080000000000","Ahorro","2"
65943,"255979.640000000000","Ahorro","2"
65946,"161836.450000000000","Ahorro","2"
65947,"861652.420000000000","Ahorro","2"
66056,"643792.390000000000","Ahorro","2"
66071,"579237.160000000000","Ahorro","2"
66122,"270414.350000000000","Ahorro","2"
66237,"376027.430000000000","Ahorro","2"
66279,"270583.710000000000","Ahorro","2"
66289,"148155.630000000000","Ahorro","2"
66352,"169195.420000000000","Ahorro","2"
66514,"972045.110000000000","Ahorro","2"
66713,"551970.220000000000","Ahorro","3"
66762,"272745.350000000000","Ahorro","2"
66765,"82498.800000000000","Ahorro","3"
66846,"551109.630000000000","Ahorro","2"
66855,"650930.800000000000","Ahorro","2"
66858,"986836.070000000000","Ahorro","2"
66917,"458043.710000000000","Ahorro","2"
66947,"401321.450000000000","Ahorro","2"
66990,"130573.460000000000","Ahorro","4"
67083,"278743.500000000000","Ahorro","2"
67165,"340435.860000000000","Ahorro","2"
67283,"483385.210000000000","Ahorro","2"
67287,"664381.180000000000","Ahorro","3"
67388,"51853.770000000000","Ahorro","2"
67534,"4812.0600000000000000","Ahorro","2"
67581,"446728.280000000000","Ahorro","2"
67703,"11715.5100000000000000","Ahorro","2"
67744,"776013.190000000000","Ahorro","2"
67776,"566367.800000000000","Ahorro","2"
67855,"979023.870000000000","Ahorro","2"
67859,"215976.160000000000","Ahorro","2"
67890,"643713.620000000000","Ahorro","2"
67916,"873601.190000000000","Ahorro","2"
68015,"102803.390000000000","Ahorro","2"
68143,"559339.240000000000","Ahorro","2"
68227,"111396.740000000000","Ahorro","2"
68525,"817763.390000000000","Ahorro","2"
68601,"820533.700000000000","Ahorro","2"
68677,"35975.070000000000","Ahorro","2"
68749,"77116.310000000000","Ahorro","2"
68827,"190690.490000000000","Ahorro","2"
68937,"438420.330000000000","Ahorro","2"
68946,"13352.950000000000","Ahorro","3"
68990,"196585.510000000000","Ahorro","2"
69029,"961025.930000000000","Ahorro","2"
69193,"58347.510000000000","Ahorro","2"
69233,"587446.290000000000","Ahorro","2"
69274,"191029.750000000000","Ahorro","2"
69288,"657377.160000000000","Ahorro","2"
69453,"68078.370000000000","Ahorro","2"
69673,"805363.480000000000","Ahorro","2"
69704,"523780.250000000000","Ahorro","2"
69832,"659484.610000000000","Ahorro","2"
69881,"45209.960000000000","Ahorro","2"
70004,"574293.390000000000","Ahorro","2"
70051,"771016.190000000000","Ahorro","2"
70086,"23495.180000000000","Ahorro","2"
70221,"206124.050000000000","Ahorro","2"
70255,"642422.570000000000","Ahorro","2"
70307,"790403.460000000000","Ahorro","2"
70315,"355795.740000000000","Ahorro","3"
70484,"69058.350000000000","Ahorro","2"
70554,"844695.770000000000","Ahorro","2"
70620,"375413.070000000000","Ahorro","2"
70777,"575478.190000000000","Ahorro","2"
70793,"775415.010000000000","Ahorro","2"
70840,"50251.000000000000","Ahorro","2"
70956,"380952.150000000000","Ahorro","2"
71071,"742520.400000000000","Ahorro","2"
71091,"716896.950000000000","Ahorro","2"
71161,"470229.070000000000","Ahorro","2"
71221,"439370.710000000000","Ahorro","2"
71227,"285089.890000000000","Ahorro","2"
71306,"257713.260000000000","Ahorro","2"
71351,"632170.540000000000","Ahorro","2"
71436,"488259.850000000000","Ahorro","3"
71510,"456952.300000000000","Ahorro","2"
71573,"74632.190000000000","Ahorro","2"
71584,"855946.540000000000","Ahorro","2"
71699,"638633.330000000000","Ahorro","3"
71700,"547245.650000000000","Ahorro","2"
71750,"631038.100000000000","Ahorro","2"
71755,"592910.520000000000","Ahorro","2"
71774,"406465.230000000000","Ahorro","2"
71899,"789344.180000000000","Ahorro","2"
71963,"682027.290000000000","Ahorro","2"
71983,"124897.300000000000","Ahorro","2"
72037,"620548.890000000000","Ahorro","2"
72112,"173671.510000000000","Ahorro","2"
72236,"616648.180000000000","Ahorro","2"
72246,"625317.730000000000","Ahorro","2"
72252,"433293.410000000000","Ahorro","2"
72400,"158110.540000000000","Ahorro","2"
72412,"512458.310000000000","Ahorro","2"
72567,"691347.980000000000","Ahorro","2"
72574,"828278.790000000000","Ahorro","2"
72578,"53329.830000000000","Ahorro","3"
72589,"992541.500000000000","Ahorro","4"
72639,"701446.560000000000","Ahorro","2"
72651,"463445.890000000000","Ahorro","2"
72661,"170615.870000000000","Ahorro","2"
72731,"215464.730000000000","Ahorro","2"
72741,"634191.290000000000","Ahorro","2"
72802,"199161.650000000000","Ahorro","2"
72987,"289593.290000000000","Ahorro","2"
73088,"688277.410000000000","Ahorro","2"
73096,"340387.730000000000","Ahorro","2"
73139,"329151.650000000000","Ahorro","2"
73274,"458846.450000000000","Ahorro","2"
73306,"232093.470000000000","Ahorro","2"
73417,"582532.170000000000","Ahorro","2"
73486,"905121.910000000000","Ahorro","2"
73587,"132408.810000000000","Ahorro","2"
73748,"578142.870000000000","Ahorro","3"
73789,"970020.440000000000","Ahorro","2"
73829,"45518.580000000000","Ahorro","2"
73890,"404145.300000000000","Ahorro","2"
73895,"735368.780000000000","Ahorro","2"
74157,"557024.280000000000","Ahorro","2"
74278,"845943.490000000000","Ahorro","2"
74350,"952456.740000000000","Ahorro","2"
74418,"692959.550000000000","Ahorro","2"
74424,"22201.040000000000","Ahorro","4"
74430,"571020.350000000000","Ahorro","2"
74520,"274603.930000000000","Ahorro","2"
74577,"513659.370000000000","Ahorro","2"
74610,"528405.390000000000","Ahorro","2"
74660,"601028.350000000000","Ahorro","2"
74661,"343223.420000000000","Ahorro","3"
74763,"989861.600000000000","Ahorro","2"
74814,"161657.270000000000","Ahorro","2"
74827,"842772.710000000000","Ahorro","2"
74828,"396758.890000000000","Ahorro","2"
74837,"534203.850000000000","Ahorro","2"
74894,"695145.490000000000","Ahorro","2"
74927,"156676.060000000000","Ahorro","3"
75200,"459533.680000000000","Ahorro","2"
75427,"923382.920000000000","Ahorro","2"
75480,"722133.870000000000","Ahorro","2"
75544,"231691.500000000000","Ahorro","2"
75619,"565055.750000000000","Ahorro","2"
75919,"416934.080000000000","Ahorro","2"
75975,"76476.150000000000","Ahorro","2"
76013,"273755.220000000000","Ahorro","2"
76062,"185978.390000000000","Ahorro","2"
76071,"541957.400000000000","Ahorro","2"
76215,"525114.290000000000","Ahorro","3"
76250,"111703.730000000000","Ahorro","3"
76475,"905926.880000000000","Ahorro","3"
76603,"414714.390000000000","Ahorro","2"
76664,"123627.960000000000","Ahorro","2"
76892,"14910.3900000000000000","Ahorro","2"
76956,"818745.930000000000","Ahorro","3"
77029,"597748.730000000000","Ahorro","2"
77046,"668590.010000000000","Ahorro","2"
77092,"512756.160000000000","Ahorro","2"
77158,"726573.330000000000","Ahorro","2"
77177,"278200.410000000000","Ahorro","2"
77263,"327751.970000000000","Ahorro","2"
77279,"684850.760000000000","Ahorro","3"
77374,"18905.090000000000","Ahorro","2"
77459,"749703.250000000000","Ahorro","2"
77478,"189304.760000000000","Ahorro","2"
77544,"836432.310000000000","Ahorro","2"
77636,"501632.370000000000","Ahorro","2"
77915,"434799.560000000000","Ahorro","2"
77929,"294148.680000000000","Ahorro","2"
78088,"220735.910000000000","Ahorro","2"
78193,"465203.550000000000","Ahorro","2"
78309,"290276.280000000000","Ahorro","2"
78321,"211139.640000000000","Ahorro","2"
78363,"860078.870000000000","Ahorro","2"
78431,"580869.930000000000","Ahorro","2"
78534,"244544.080000000000","Ahorro","2"
78540,"821868.960000000000","Ahorro","2"
78607,"710871.380000000000","Ahorro","2"
78669,"905251.850000000000","Ahorro","2"
78738,"403992.440000000000","Ahorro","2"
78750,"918379.010000000000","Ahorro","2"
78754,"838988.110000000000","Ahorro","2"
78776,"920679.100000000000","Ahorro","2"
78847,"161575.880000000000","Ahorro","2"
78849,"658100.880000000000","Ahorro","3"
78858,"594933.410000000000","Ahorro","2"
78890,"259861.040000000000","Ahorro","2"
78956,"930124.250000000000","Ahorro","2"
79033,"976204.550000000000","Ahorro","2"
79117,"652231.550000000000","Ahorro","2"
79205,"862748.520000000000","Ahorro","2"
79284,"60790.970000000000","Ahorro","2"
79350,"431909.160000000000","Ahorro","2"
79436,"98665.740000000000","Ahorro","2"
79444,"105119.460000000000","Ahorro","2"
79546,"425821.290000000000","Ahorro","2"
79636,"356548.080000000000","Ahorro","2"
79655,"922014.560000000000","Ahorro","2"
79674,"164750.930000000000","Ahorro","3"
79684,"968285.100000000000","Ahorro","2"
79709,"464310.960000000000","Ahorro","2"
79714,"735245.170000000000","Ahorro","2"
79739,"146478.350000000000","Ahorro","2"
79779,"199605.850000000000","Ahorro","2"
79780,"12720.2400000000000000","Ahorro","2"
79842,"84154.730000000000","Ahorro","2"
79872,"973601.590000000000","Ahorro","2"
79933,"416951.860000000000","Ahorro","2"
79957,"171091.420000000000","Ahorro","2"
79966,"417759.710000000000","Ahorro","2"
80141,"634430.610000000000","Ahorro","2"
80193,"770897.580000000000","Ahorro","2"
80437,"514820.030000000000","Ahorro","2"
80744,"861591.360000000000","Ahorro","2"
80794,"586185.410000000000","Ahorro","2"
80820,"54442.280000000000","Ahorro","2"
80967,"9407.3000000000000000","Ahorro","2"
80974,"343186.380000000000","Ahorro","2"
81017,"878020.500000000000","Ahorro","2"
81035,"926283.970000000000","Ahorro","2"
81064,"763487.270000000000","Ahorro","2"
81156,"797945.360000000000","Ahorro","2"
81218,"349062.320000000000","Ahorro","2"
81235,"563810.440000000000","Ahorro","2"
81241,"727830.760000000000","Ahorro","3"
81264,"180035.950000000000","Ahorro","2"
81270,"154875.190000000000","Ahorro","2"
81389,"416501.410000000000","Ahorro","2"
81398,"354628.690000000000","Ahorro","2"
81406,"473545.630000000000","Ahorro","2"
81428,"248316.990000000000","Ahorro","2"
81452,"687839.470000000000","Ahorro","3"
81491,"719823.570000000000","Ahorro","2"
81549,"981883.210000000000","Ahorro","2"
81589,"710365.510000000000","Ahorro","2"
81599,"990644.520000000000","Ahorro","2"
81606,"91322.820000000000","Ahorro","2"
81682,"588024.890000000000","Ahorro","2"
81745,"260306.680000000000","Ahorro","2"
81750,"881569.790000000000","Ahorro","2"
81898,"365356.500000000000","Ahorro","2"
81906,"430026.940000000000","Ahorro","2"
81984,"266749.310000000000","Ahorro","2"
81990,"97778.880000000000","Ahorro","2"
82062,"143178.760000000000","Ahorro","2"
82155,"265446.670000000000","Ahorro","2"
82201,"757789.870000000000","Ahorro","3"
82218,"561133.500000000000","Ahorro","2"
82547,"117730.570000000000","Ahorro","2"
82552,"567506.420000000000","Ahorro","2"
82701,"13013.4500000000000000","Ahorro","2"
82767,"904695.920000000000","Ahorro","2"
82786,"955100.030000000000","Ahorro","2"
82789,"919411.070000000000","Ahorro","2"
82920,"942800.470000000000","Ahorro","2"
82935,"272889.740000000000","Ahorro","2"
82974,"467004.710000000000","Ahorro","2"
83073,"646442.230000000000","Ahorro","2"
83157,"175624.930000000000","Ahorro","2"
83206,"717874.890000000000","Ahorro","2"
83279,"963017.800000000000","Ahorro","2"
83325,"89178.770000000000","Ahorro","2"
83359,"552423.660000000000","Ahorro","2"
83420,"878038.460000000000","Ahorro","2"
83612,"559316.540000000000","Ahorro","2"
83651,"219051.480000000000","Ahorro","2"
83810,"684473.270000000000","Ahorro","2"
83863,"258727.170000000000","Ahorro","2"
83918,"108677.250000000000","Ahorro","2"
83935,"168537.170000000000","Ahorro","2"
84151,"695543.540000000000","Ahorro","2"
84273,"637270.870000000000","Ahorro","2"
84303,"319125.270000000000","Ahorro","2"
84361,"259921.540000000000","Ahorro","2"
84368,"583273.500000000000","Ahorro","2"
84411,"474788.710000000000","Ahorro","2"
84451,"273292.810000000000","Ahorro","2"
84516,"592718.180000000000","Ahorro","2"
84594,"652643.290000000000","Ahorro","3"
84674,"26027.590000000000","Ahorro","2"
84677,"371116.380000000000","Ahorro","2"
84806,"317557.280000000000","Ahorro","2"
84808,"639903.640000000000","Ahorro","2"
84861,"423835.720000000000","Ahorro","2"
84958,"854496.750000000000","Ahorro","2"
85170,"435807.520000000000","Ahorro","2"
85241,"45980.960000000000","Ahorro","2"
85344,"12634.2900000000000000","Ahorro","2"
85399,"479976.990000000000","Ahorro","2"
85453,"483843.950000000000","Ahorro","2"
85513,"261399.210000000000","Ahorro","2"
85536,"992121.840000000000","Ahorro","2"
85621,"112689.150000000000","Ahorro","2"
85704,"711849.820000000000","Ahorro","2"
85727,"277481.050000000000","Ahorro","3"
85733,"655817.770000000000","Ahorro","2"
85854,"966611.060000000000","Ahorro","3"
85876,"866281.810000000000","Ahorro","2"
85979,"143963.070000000000","Ahorro","2"
86020,"465259.800000000000","Ahorro","2"
86023,"401754.490000000000","Ahorro","2"
86107,"374375.010000000000","Ahorro","2"
86320,"358409.190000000000","Ahorro","2"
86605,"101957.600000000000","Ahorro","2"
86667,"580363.360000000000","Ahorro","2"
86678,"119600.250000000000","Ahorro","2"
86704,"842902.900000000000","Ahorro","2"
86863,"898720.870000000000","Ahorro","2"
86875,"717313.800000000000","Ahorro","2"
86968,"844529.830000000000","Ahorro","2"
87064,"328039.620000000000","Ahorro","2"
87093,"92181.350000000000","Ahorro","2"
87120,"66054.530000000000","Ahorro","2"
87156,"985020.480000000000","Ahorro","2"
87207,"226624.080000000000","Ahorro","3"
87230,"479966.940000000000","Ahorro","2"
87278,"551300.140000000000","Ahorro","3"
87339,"165147.770000000000","Ahorro","2"
87350,"562030.440000000000","Ahorro","2"
87361,"168486.760000000000","Ahorro","2"
87391,"68665.500000000000","Ahorro","2"
87418,"297444.770000000000","Ahorro","3"
87426,"693687.630000000000","Ahorro","2"
87429,"361836.500000000000","Ahorro","2"
87473,"592478.530000000000","Ahorro","2"
87492,"21789.180000000000","Ahorro","2"
87623,"467801.940000000000","Ahorro","2"
87649,"164778.060000000000","Ahorro","2"
87731,"563024.530000000000","Ahorro","2"
87758,"179175.510000000000","Ahorro","2"
87828,"1502.5800000000000000","Ahorro","2"
87885,"483275.420000000000","Ahorro","2"
88086,"801111.660000000000","Ahorro","2"
88104,"343436.340000000000","Ahorro","2"
88124,"168638.080000000000","Ahorro","2"
88156,"432799.190000000000","Ahorro","2"
88301,"435587.120000000000","Ahorro","2"
88402,"628820.520000000000","Ahorro","2"
88441,"179731.730000000000","Ahorro","2"
88565,"322989.480000000000","Ahorro","2"
88570,"112818.030000000000","Ahorro","2"
88642,"593542.090000000000","Ahorro","2"
88764,"683800.830000000000","Ahorro","2"
88806,"939980.430000000000","Ahorro","2"
88861,"214250.570000000000","Ahorro","2"
88913,"869449.620000000000","Ahorro","2"
88993,"949983.590000000000","Ahorro","2"
89061,"460484.360000000000","Ahorro","2"
89392,"655572.450000000000","Ahorro","2"
89642,"336189.890000000000","Ahorro","2"
89836,"245682.800000000000","Ahorro","2"
90002,"827695.440000000000","Ahorro","2"
90011,"523278.980000000000","Ahorro","3"
90029,"853236.570000000000","Ahorro","2"
90052,"734608.880000000000","Ahorro","3"
90116,"681040.630000000000","Ahorro","2"
90216,"662913.940000000000","Ahorro","2"
90261,"955940.530000000000","Ahorro","2"
90283,"926906.300000000000","Ahorro","2"
90336,"766396.890000000000","Ahorro","2"
90666,"75407.890000000000","Ahorro","2"
90669,"548186.500000000000","Ahorro","2"
90754,"609982.620000000000","Ahorro","2"
90878,"49877.050000000000","Ahorro","2"
90927,"510812.760000000000","Ahorro","2"
90989,"288911.120000000000","Ahorro","2"
91018,"283379.580000000000","Ahorro","2"
91044,"338266.440000000000","Ahorro","2"
91102,"316248.590000000000","Ahorro","2"
91116,"631633.160000000000","Ahorro","2"
91151,"452790.600000000000","Ahorro","2"
91206,"733986.400000000000","Ahorro","3"
91298,"898771.400000000000","Ahorro","2"
91569,"65178.860000000000","Ahorro","2"
91751,"432403.950000000000","Ahorro","3"
91935,"570075.790000000000","Ahorro","2"
92033,"565062.340000000000","Ahorro","2"
92072,"609094.110000000000","Ahorro","2"
92121,"550153.730000000000","Ahorro","3"
92214,"433959.040000000000","Ahorro","2"
92215,"685165.300000000000","Ahorro","2"
92370,"568276.900000000000","Ahorro","2"
92422,"778041.710000000000","Ahorro","2"
92491,"705048.300000000000","Ahorro","2"
92524,"337575.590000000000","Ahorro","2"
92672,"964050.930000000000","Ahorro","2"
92723,"432164.460000000000","Ahorro","3"
92863,"462859.850000000000","Ahorro","2"
92888,"274140.010000000000","Ahorro","2"
93050,"924478.290000000000","Ahorro","2"
93062,"349058.520000000000","Ahorro","2"
93081,"174600.490000000000","Ahorro","2"
93325,"182760.850000000000","Ahorro","2"
93368,"104516.430000000000","Ahorro","2"
93564,"196942.930000000000","Ahorro","2"
93566,"884926.430000000000","Ahorro","2"
93804,"382179.220000000000","Ahorro","2"
93838,"735277.870000000000","Ahorro","2"
93920,"910442.320000000000","Ahorro","2"
93937,"124466.220000000000","Ahorro","2"
93942,"100884.020000000000","Ahorro","2"
93974,"828437.650000000000","Ahorro","2"
94071,"770014.650000000000","Ahorro","2"
94133,"228470.840000000000","Ahorro","2"
94146,"42039.750000000000","Ahorro","3"
94194,"565873.050000000000","Ahorro","2"
94248,"355671.990000000000","Ahorro","2"
94262,"869779.240000000000","Ahorro","3"
94303,"981723.720000000000","Ahorro","2"
94345,"597156.340000000000","Ahorro","2"
94369,"452456.260000000000","Ahorro","2"
94411,"102393.840000000000","Ahorro","2"
94454,"52350.980000000000","Ahorro","2"
94697,"808673.020000000000","Ahorro","2"
94896,"251679.840000000000","Ahorro","2"
94922,"755828.370000000000","Ahorro","2"
94924,"738294.750000000000","Ahorro","2"
94946,"510856.540000000000","Ahorro","2"
95016,"16930.190000000000","Ahorro","2"
95022,"671425.810000000000","Ahorro","2"
95084,"140570.390000000000","Ahorro","2"
95347,"214707.920000000000","Ahorro","2"
95391,"65603.510000000000","Ahorro","2"
95392,"368736.360000000000","Ahorro","2"
95675,"241833.360000000000","Ahorro","2"
95809,"267095.090000000000","Ahorro","2"
95817,"740514.030000000000","Ahorro","2"
95884,"110961.800000000000","Ahorro","2"
96084,"981103.040000000000","Ahorro","2"
96090,"706947.670000000000","Ahorro","2"
96140,"905137.600000000000","Ahorro","2"
96159,"852842.430000000000","Ahorro","2"
96237,"186512.160000000000","Ahorro","2"
96264,"642249.760000000000","Ahorro","2"
96417,"866674.400000000000","Ahorro","2"
96716,"414376.670000000000","Ahorro","2"
96725,"315180.330000000000","Ahorro","2"
96889,"183891.260000000000","Ahorro","2"
96912,"163992.030000000000","Ahorro","2"
97068,"965963.400000000000","Ahorro","2"
97205,"453842.450000000000","Ahorro","2"
97229,"543482.860000000000","Ahorro","2"
97380,"42090.450000000000","Ahorro","2"
97393,"51796.040000000000","Ahorro","2"
97427,"676647.760000000000","Ahorro","2"
97487,"408599.520000000000","Ahorro","2"
97492,"561043.360000000000","Ahorro","2"
97581,"232632.890000000000","Ahorro","2"
97599,"496261.080000000000","Ahorro","2"
97868,"989236.610000000000","Ahorro","2"
97880,"364746.750000000000","Ahorro","2"
98047,"487437.280000000000","Ahorro","2"
98302,"493751.150000000000","Ahorro","2"
98493,"508950.230000000000","Ahorro","2"
98551,"383469.270000000000","Ahorro","2"
98582,"230569.910000000000","Ahorro","2"
98586,"409421.620000000000","Ahorro","3"
98631,"598292.630000000000","Ahorro","3"
98648,"213311.760000000000","Ahorro","2"
98784,"25799.160000000000","Ahorro","2"
98813,"962008.080000000000","Ahorro","2"
98842,"324007.070000000000","Ahorro","2"
98861,"104796.770000000000","Ahorro","2"
98897,"535975.950000000000","Ahorro","2"
99225,"320392.490000000000","Ahorro","2"
99226,"733652.400000000000","Ahorro","2"
99333,"96526.090000000000","Ahorro","2"
99373,"779810.040000000000","Ahorro","2"
99401,"646067.680000000000","Ahorro","2"
99462,"86657.010000000000","Ahorro","2"
99678,"763773.940000000000","Ahorro","2"
99688,"128043.000000000000","Ahorro","2"
99755,"910694.360000000000","Ahorro","2"
99870,"223146.870000000000","Ahorro","2"
99887,"533578.180000000000","Ahorro","3"
99926,"866490.190000000000","Ahorro","2"
99944,"586498.210000000000","Ahorro","2"
99996,"684267.450000000000","Ahorro","3"
99997,"843005.990000000000","Ahorro","2"
